benchmark,implementation,operation,n,sample,loops,time_seconds,note
kernel,Fortran analytical,primal,16,0,1024,1.06806396484375e-05,
kernel,Fortran analytical,primal,16,1,1024,1.0931638671875e-05,
kernel,Fortran analytical,primal,16,2,1024,7.4523603515625009e-06,
kernel,Fortran analytical,primal,16,3,1024,6.7514101562500004e-06,
kernel,Fortran analytical,primal,16,4,1024,6.7239082031250004e-06,
kernel,Fortran analytical,primal,16,5,1024,8.1253857421875012e-06,
kernel,Fortran analytical,primal,16,6,1024,1.0768675781250001e-05,
kernel,Fortran analytical,primal,16,7,1024,8.0532285156250007e-06,
kernel,Fortran analytical,primal,16,8,1024,6.9045410156250001e-06,
kernel,Fortran analytical,jvp,16,0,512,1.4538658203125001e-05,
kernel,Fortran analytical,jvp,16,1,512,2.2922519531250003e-05,
kernel,Fortran analytical,jvp,16,2,512,2.2557673828125002e-05,
kernel,Fortran analytical,jvp,16,3,512,2.2130363281250002e-05,
kernel,Fortran analytical,jvp,16,4,512,1.3933515625000002e-05,
kernel,Fortran analytical,jvp,16,5,512,1.3035396484375001e-05,
kernel,Fortran analytical,jvp,16,6,512,1.2805060546875001e-05,
kernel,Fortran analytical,jvp,16,7,512,1.25958984375e-05,
kernel,Fortran analytical,jvp,16,8,512,2.1286136718750002e-05,
kernel,Fortran analytical,vjp,16,0,256,1.7322519531250002e-05,
kernel,Fortran analytical,vjp,16,1,256,1.139001171875e-05,
kernel,Fortran analytical,vjp,16,2,256,1.193490625e-05,
kernel,Fortran analytical,vjp,16,3,256,1.181691015625e-05,
kernel,Fortran analytical,vjp,16,4,256,1.1952324218750001e-05,
kernel,Fortran analytical,vjp,16,5,256,1.15291015625e-05,
kernel,Fortran analytical,vjp,16,6,256,1.2020300781250001e-05,
kernel,Fortran analytical,vjp,16,7,256,1.1961046875e-05,
kernel,Fortran analytical,vjp,16,8,256,1.1859882812500001e-05,
kernel,Flang + Enzyme,primal,16,0,1024,6.7956054687500008e-06,
kernel,Flang + Enzyme,primal,16,1,1024,6.9052451171875005e-06,
kernel,Flang + Enzyme,primal,16,2,1024,6.8071699218750006e-06,
kernel,Flang + Enzyme,primal,16,3,1024,6.7678476562500008e-06,
kernel,Flang + Enzyme,primal,16,4,1024,1.0431762695312501e-05,
kernel,Flang + Enzyme,primal,16,5,1024,1.13276982421875e-05,
kernel,Flang + Enzyme,primal,16,6,1024,1.1681783203125e-05,
kernel,Flang + Enzyme,primal,16,7,1024,1.1555177734375e-05,
kernel,Flang + Enzyme,primal,16,8,1024,1.1818623046875e-05,
kernel,Flang + Enzyme,jvp,16,0,256,2.1515492187500002e-05,
kernel,Flang + Enzyme,jvp,16,1,256,2.2463687500000002e-05,
kernel,Flang + Enzyme,jvp,16,2,256,2.0740988281250003e-05,
kernel,Flang + Enzyme,jvp,16,3,256,1.282055859375e-05,
kernel,Flang + Enzyme,jvp,16,4,256,2.2233683593750001e-05,
kernel,Flang + Enzyme,jvp,16,5,256,2.2054046875000002e-05,
kernel,Flang + Enzyme,jvp,16,6,256,0.00040929498828125001,
kernel,Flang + Enzyme,jvp,16,7,256,2.2845109375000002e-05,
kernel,Flang + Enzyme,jvp,16,8,256,1.4473167968750002e-05,
kernel,Flang + Enzyme,vjp,16,0,512,1.1907392578125001e-05,
kernel,Flang + Enzyme,vjp,16,1,512,1.2104171875000001e-05,
kernel,Flang + Enzyme,vjp,16,2,512,1.1997171875000002e-05,
kernel,Flang + Enzyme,vjp,16,3,512,1.1683025390625e-05,
kernel,Flang + Enzyme,vjp,16,4,512,1.1918587890625001e-05,
kernel,Flang + Enzyme,vjp,16,5,512,1.1645396484375001e-05,
kernel,Flang + Enzyme,vjp,16,6,512,1.1721046875000001e-05,
kernel,Flang + Enzyme,vjp,16,7,512,1.1438443359375e-05,
kernel,Flang + Enzyme,vjp,16,8,512,1.1842015625000001e-05,
kernel,LFortran + Enzyme,primal,16,0,1024,8.5709814453125011e-06,
kernel,LFortran + Enzyme,primal,16,1,1024,1.1770543945312501e-05,
kernel,LFortran + Enzyme,primal,16,2,1024,1.0403124023437501e-05,
kernel,LFortran + Enzyme,primal,16,3,1024,1.0859765625000001e-05,
kernel,LFortran + Enzyme,primal,16,4,1024,1.1094916015625002e-05,
kernel,LFortran + Enzyme,primal,16,5,1024,8.0834707031249999e-06,
kernel,LFortran + Enzyme,primal,16,6,1024,6.9055585937500007e-06,
kernel,LFortran + Enzyme,primal,16,7,1024,9.7152070312500005e-06,
kernel,LFortran + Enzyme,primal,16,8,1024,1.1105531250000001e-05,
kernel,LFortran + Enzyme,jvp,16,0,256,2.1182406250000001e-05,
kernel,LFortran + Enzyme,jvp,16,1,256,2.1065000000000002e-05,
kernel,LFortran + Enzyme,jvp,16,2,256,1.9977125000000001e-05,
kernel,LFortran + Enzyme,jvp,16,3,256,2.1467042968750001e-05,
kernel,LFortran + Enzyme,jvp,16,4,256,2.1439882812500002e-05,
kernel,LFortran + Enzyme,jvp,16,5,256,2.0993105468750003e-05,
kernel,LFortran + Enzyme,jvp,16,6,256,2.0606125000000001e-05,
kernel,LFortran + Enzyme,jvp,16,7,256,1.999665625e-05,
kernel,LFortran + Enzyme,jvp,16,8,256,2.012024609375e-05,
kernel,LFortran + Enzyme,vjp,16,0,256,1.9526710937500001e-05,
kernel,LFortran + Enzyme,vjp,16,1,256,1.8404203125e-05,
kernel,LFortran + Enzyme,vjp,16,2,256,1.9139886718750002e-05,
kernel,LFortran + Enzyme,vjp,16,3,256,1.894866796875e-05,
kernel,LFortran + Enzyme,vjp,16,4,256,1.9253539062500001e-05,
kernel,LFortran + Enzyme,vjp,16,5,256,1.8504078125000001e-05,
kernel,LFortran + Enzyme,vjp,16,6,256,1.9137851562500002e-05,
kernel,LFortran + Enzyme,vjp,16,7,256,1.8712792968750002e-05,
kernel,LFortran + Enzyme,vjp,16,8,256,1.860853125e-05,
kernel,Python/NumPy Autograd (eager),primal,16,0,512,9.91365625e-06,
kernel,Python/NumPy Autograd (eager),primal,16,1,512,1.0028679687500001e-05,
kernel,Python/NumPy Autograd (eager),primal,16,2,512,9.9528320312500014e-06,
kernel,Python/NumPy Autograd (eager),primal,16,3,512,9.8607246093750002e-06,
kernel,Python/NumPy Autograd (eager),primal,16,4,512,9.6959609375000002e-06,
kernel,Python/NumPy Autograd (eager),primal,16,5,512,9.7274472656250003e-06,
kernel,Python/NumPy Autograd (eager),primal,16,6,512,9.7601445312499999e-06,
kernel,Python/NumPy Autograd (eager),primal,16,7,512,9.9528515625000013e-06,
kernel,Python/NumPy Autograd (eager),primal,16,8,512,1.0023160156250001e-05,
kernel,Python/NumPy Autograd (eager),jvp,16,0,16,0.00027258293749999999,
kernel,Python/NumPy Autograd (eager),jvp,16,1,16,0.0002712585625,
kernel,Python/NumPy Autograd (eager),jvp,16,2,16,0.00027375387500000003,
kernel,Python/NumPy Autograd (eager),jvp,16,3,16,0.00027589981250000003,
kernel,Python/NumPy Autograd (eager),jvp,16,4,16,0.00028296937500000001,
kernel,Python/NumPy Autograd (eager),jvp,16,5,16,0.00028818481250000004,
kernel,Python/NumPy Autograd (eager),jvp,16,6,16,0.00021380218750000001,
kernel,Python/NumPy Autograd (eager),jvp,16,7,16,0.00019182012500000001,
kernel,Python/NumPy Autograd (eager),jvp,16,8,16,0.000188435625,
kernel,Python/NumPy Autograd (eager),vjp,16,0,16,0.00028135062500000003,
kernel,Python/NumPy Autograd (eager),vjp,16,1,16,0.00034493418750000004,
kernel,Python/NumPy Autograd (eager),vjp,16,2,16,0.00039948318750000002,
kernel,Python/NumPy Autograd (eager),vjp,16,3,16,0.00038920325,
kernel,Python/NumPy Autograd (eager),vjp,16,4,16,0.00034258731250000004,
kernel,Python/NumPy Autograd (eager),vjp,16,5,16,0.00029550675,
kernel,Python/NumPy Autograd (eager),vjp,16,6,16,0.00038651693750000005,
kernel,Python/NumPy Autograd (eager),vjp,16,7,16,0.00041747900000000001,
kernel,Python/NumPy Autograd (eager),vjp,16,8,16,0.00042026737500000001,
compile_first_call,JAX native (jit),primal,16,0,1,0.035666072,in-memory cache cleared; compile plus first execution
kernel,JAX native (jit),primal,16,0,512,1.0422546875000001e-05,
kernel,JAX native (jit),primal,16,1,512,1.0715166015625001e-05,
kernel,JAX native (jit),primal,16,2,512,1.062705078125e-05,
kernel,JAX native (jit),primal,16,3,512,1.0515671875000001e-05,
kernel,JAX native (jit),primal,16,4,512,1.0367675781250001e-05,
kernel,JAX native (jit),primal,16,5,512,1.0534259765625e-05,
kernel,JAX native (jit),primal,16,6,512,1.0592044921875001e-05,
kernel,JAX native (jit),primal,16,7,512,7.3762988281250004e-06,
kernel,JAX native (jit),primal,16,8,512,7.4039101562500005e-06,
compile_first_call,JAX native (jit),jvp,16,0,1,0.062292745000000004,in-memory cache cleared; compile plus first execution
kernel,JAX native (jit),jvp,16,0,512,1.6441306640625002e-05,
kernel,JAX native (jit),jvp,16,1,512,1.6813080078125002e-05,
kernel,JAX native (jit),jvp,16,2,512,1.6927123046875002e-05,
kernel,JAX native (jit),jvp,16,3,512,1.6380097656250002e-05,
kernel,JAX native (jit),jvp,16,4,512,1.6883759765625001e-05,
kernel,JAX native (jit),jvp,16,5,512,1.8346576171875002e-05,
kernel,JAX native (jit),jvp,16,6,512,1.6568087890625002e-05,
kernel,JAX native (jit),jvp,16,7,512,1.679517578125e-05,
kernel,JAX native (jit),jvp,16,8,512,1.8686023437500002e-05,
compile_first_call,JAX native (jit),vjp,16,0,1,0.082805319000000002,in-memory cache cleared; compile plus first execution
kernel,JAX native (jit),vjp,16,0,256,2.3964328125000003e-05,
kernel,JAX native (jit),vjp,16,1,256,1.474708203125e-05,
kernel,JAX native (jit),vjp,16,2,256,2.0734296875000001e-05,
kernel,JAX native (jit),vjp,16,3,256,1.602476171875e-05,
kernel,JAX native (jit),vjp,16,4,256,1.5829078125e-05,
kernel,JAX native (jit),vjp,16,5,256,1.5696484374999999e-05,
kernel,JAX native (jit),vjp,16,6,256,1.5816164062500001e-05,
kernel,JAX native (jit),vjp,16,7,256,1.9654761718750001e-05,
kernel,JAX native (jit),vjp,16,8,256,1.6000027343750002e-05,
kernel,PyTorch native (eager),primal,16,0,128,3.7003226562500001e-05,
kernel,PyTorch native (eager),primal,16,1,128,4.1801328125000005e-05,
kernel,PyTorch native (eager),primal,16,2,128,4.2130625000000001e-05,
kernel,PyTorch native (eager),primal,16,3,128,4.2062757812500006e-05,
kernel,PyTorch native (eager),primal,16,4,128,4.1862687500000004e-05,
kernel,PyTorch native (eager),primal,16,5,128,4.2386570312500002e-05,
kernel,PyTorch native (eager),primal,16,6,128,3.9704093750000003e-05,
kernel,PyTorch native (eager),primal,16,7,128,2.4023382812500002e-05,
kernel,PyTorch native (eager),primal,16,8,128,3.2020632812500001e-05,
compile_first_call,PyTorch native (compile),primal,16,0,1,4.7576804539999999,compiler reset; fresh Inductor cache; compile plus first execution
kernel,PyTorch native (compile),primal,16,0,128,6.0546406250000002e-05,
kernel,PyTorch native (compile),primal,16,1,128,6.1332812500000008e-05,
kernel,PyTorch native (compile),primal,16,2,128,6.0146437500000003e-05,
kernel,PyTorch native (compile),primal,16,3,128,5.9864734375000001e-05,
kernel,PyTorch native (compile),primal,16,4,128,5.9262664062500006e-05,
kernel,PyTorch native (compile),primal,16,5,128,6.4642249999999999e-05,
kernel,PyTorch native (compile),primal,16,6,128,4.6792140625000002e-05,
kernel,PyTorch native (compile),primal,16,7,128,4.5185437500000002e-05,
kernel,PyTorch native (compile),primal,16,8,128,5.0959445312500001e-05,
kernel,PyTorch native (eager),jvp,16,0,8,0.00064365512500000007,
kernel,PyTorch native (eager),jvp,16,1,8,0.00049531187499999999,
kernel,PyTorch native (eager),jvp,16,2,8,0.00049924175000000002,
kernel,PyTorch native (eager),jvp,16,3,8,0.00054392100000000005,
kernel,PyTorch native (eager),jvp,16,4,8,0.00067532350000000009,
kernel,PyTorch native (eager),jvp,16,5,8,0.00068647325000000003,
kernel,PyTorch native (eager),jvp,16,6,8,0.00065121062500000004,
kernel,PyTorch native (eager),jvp,16,7,8,0.00064358625,
kernel,PyTorch native (eager),jvp,16,8,8,0.00064166512500000007,
compile_first_call,PyTorch native (compile),jvp,16,0,1,1.523443737,compiler reset; fresh Inductor cache; compile plus first execution
kernel,PyTorch native (compile),jvp,16,0,64,9.8218015625000006e-05,
kernel,PyTorch native (compile),jvp,16,1,64,9.4403015625000003e-05,
kernel,PyTorch native (compile),jvp,16,2,64,9.3429296875000009e-05,
kernel,PyTorch native (compile),jvp,16,3,64,9.3983468750000009e-05,
kernel,PyTorch native (compile),jvp,16,4,64,7.2328125000000005e-05,
kernel,PyTorch native (compile),jvp,16,5,64,7.7172265625000008e-05,
kernel,PyTorch native (compile),jvp,16,6,64,7.11473125e-05,
kernel,PyTorch native (compile),jvp,16,7,64,9.3864015625e-05,
kernel,PyTorch native (compile),jvp,16,8,64,8.1662453125000011e-05,
kernel,PyTorch native (eager),vjp,16,0,16,0.00047721587500000004,
kernel,PyTorch native (eager),vjp,16,1,16,0.00045268468750000004,
kernel,PyTorch native (eager),vjp,16,2,16,0.00047496668750000002,
kernel,PyTorch native (eager),vjp,16,3,16,0.00045969418750000003,
kernel,PyTorch native (eager),vjp,16,4,16,0.00045069781250000002,
kernel,PyTorch native (eager),vjp,16,5,16,0.00049559050000000002,
kernel,PyTorch native (eager),vjp,16,6,16,0.00045696587500000001,
kernel,PyTorch native (eager),vjp,16,7,16,0.00044596643750000005,
kernel,PyTorch native (eager),vjp,16,8,16,0.00044166393750000001,
compile_first_call,PyTorch native (compile),vjp,16,0,1,1.4890981030000001,compiler reset; fresh Inductor cache; compile plus first execution
kernel,PyTorch native (compile),vjp,16,0,128,8.0084382812500003e-05,
kernel,PyTorch native (compile),vjp,16,1,128,7.3753398437500004e-05,
kernel,PyTorch native (compile),vjp,16,2,128,6.1368351562500004e-05,
kernel,PyTorch native (compile),vjp,16,3,128,8.3581523437500007e-05,
kernel,PyTorch native (compile),vjp,16,4,128,8.5109640625000003e-05,
kernel,PyTorch native (compile),vjp,16,5,128,8.4558750000000011e-05,
kernel,PyTorch native (compile),vjp,16,6,128,8.53039140625e-05,
kernel,PyTorch native (compile),vjp,16,7,128,6.8960226562500007e-05,
kernel,PyTorch native (compile),vjp,16,8,128,7.0126406250000002e-05,
kernel,Fortran analytical,primal,64,0,1024,1.0193530273437501e-05,
kernel,Fortran analytical,primal,64,1,1024,1.2461357421875001e-05,
kernel,Fortran analytical,primal,64,2,1024,1.2456846679687501e-05,
kernel,Fortran analytical,primal,64,3,1024,1.271226953125e-05,
kernel,Fortran analytical,primal,64,4,1024,1.2700841796875001e-05,
kernel,Fortran analytical,primal,64,5,1024,1.25149443359375e-05,
kernel,Fortran analytical,primal,64,6,1024,1.2244249023437501e-05,
kernel,Fortran analytical,primal,64,7,1024,1.2454107421875001e-05,
kernel,Fortran analytical,primal,64,8,1024,1.2933037109375e-05,
kernel,Fortran analytical,jvp,64,0,256,2.3538757812500002e-05,
kernel,Fortran analytical,jvp,64,1,256,2.9381800781250001e-05,
kernel,Fortran analytical,jvp,64,2,256,1.8000472656250002e-05,
kernel,Fortran analytical,jvp,64,3,256,1.3524113281250001e-05,
kernel,Fortran analytical,jvp,64,4,256,1.9355371093750001e-05,
kernel,Fortran analytical,jvp,64,5,256,2.2993746093750002e-05,
kernel,Fortran analytical,jvp,64,6,256,2.2682539062500002e-05,
kernel,Fortran analytical,jvp,64,7,256,2.1896289062500002e-05,
kernel,Fortran analytical,jvp,64,8,256,2.234275390625e-05,
kernel,Fortran analytical,vjp,64,0,256,1.9149472656250001e-05,
kernel,Fortran analytical,vjp,64,1,256,2.007794140625e-05,
kernel,Fortran analytical,vjp,64,2,256,1.6817191406250003e-05,
kernel,Fortran analytical,vjp,64,3,256,1.269446484375e-05,
kernel,Fortran analytical,vjp,64,4,256,1.1451496093750001e-05,
kernel,Fortran analytical,vjp,64,5,256,1.233104296875e-05,
kernel,Fortran analytical,vjp,64,6,256,1.2458902343750001e-05,
kernel,Fortran analytical,vjp,64,7,256,1.2307089843750001e-05,
kernel,Fortran analytical,vjp,64,8,256,1.1999714843750001e-05,
kernel,Flang + Enzyme,primal,64,0,512,8.1938144531250009e-06,
kernel,Flang + Enzyme,primal,64,1,512,7.1012304687500001e-06,
kernel,Flang + Enzyme,primal,64,2,512,7.2401816406250002e-06,
kernel,Flang + Enzyme,primal,64,3,512,7.3048769531250008e-06,
kernel,Flang + Enzyme,primal,64,4,512,7.3240722656250006e-06,
kernel,Flang + Enzyme,primal,64,5,512,1.0282398437500001e-05,
kernel,Flang + Enzyme,primal,64,6,512,1.1634183593750001e-05,
kernel,Flang + Enzyme,primal,64,7,512,1.1529611328125001e-05,
kernel,Flang + Enzyme,primal,64,8,512,1.1647666015625001e-05,
kernel,Flang + Enzyme,jvp,64,0,256,2.133883203125e-05,
kernel,Flang + Enzyme,jvp,64,1,256,2.1009773437500001e-05,
kernel,Flang + Enzyme,jvp,64,2,256,2.0737191406250002e-05,
kernel,Flang + Enzyme,jvp,64,3,256,1.3354804687500001e-05,
kernel,Flang + Enzyme,jvp,64,4,256,1.3324320312500001e-05,
kernel,Flang + Enzyme,jvp,64,5,256,1.331856640625e-05,
kernel,Flang + Enzyme,jvp,64,6,256,1.322303515625e-05,
kernel,Flang + Enzyme,jvp,64,7,256,1.2957027343750001e-05,
kernel,Flang + Enzyme,jvp,64,8,256,1.2738253906250001e-05,
kernel,Flang + Enzyme,vjp,64,0,512,1.2768546875000001e-05,
kernel,Flang + Enzyme,vjp,64,1,512,1.2172287109375001e-05,
kernel,Flang + Enzyme,vjp,64,2,512,1.2416888671875001e-05,
kernel,Flang + Enzyme,vjp,64,3,512,1.2015625000000001e-05,
kernel,Flang + Enzyme,vjp,64,4,512,1.2890025390625e-05,
kernel,Flang + Enzyme,vjp,64,5,512,1.6523648437500002e-05,
kernel,Flang + Enzyme,vjp,64,6,512,1.9347152343750001e-05,
kernel,Flang + Enzyme,vjp,64,7,512,1.8871529296875002e-05,
kernel,Flang + Enzyme,vjp,64,8,512,1.9535181640625001e-05,
kernel,LFortran + Enzyme,primal,64,0,512,1.11739609375e-05,
kernel,LFortran + Enzyme,primal,64,1,512,1.108678515625e-05,
kernel,LFortran + Enzyme,primal,64,2,512,1.1274716796875001e-05,
kernel,LFortran + Enzyme,primal,64,3,512,1.1394708984375001e-05,
kernel,LFortran + Enzyme,primal,64,4,512,1.1476345703125001e-05,
kernel,LFortran + Enzyme,primal,64,5,512,1.0797568359375001e-05,
kernel,LFortran + Enzyme,primal,64,6,512,1.1252917968750001e-05,
kernel,LFortran + Enzyme,primal,64,7,512,1.1042757812500001e-05,
kernel,LFortran + Enzyme,primal,64,8,512,1.1253779296875e-05,
kernel,LFortran + Enzyme,jvp,64,0,256,2.0886300781250001e-05,
kernel,LFortran + Enzyme,jvp,64,1,256,2.1100496093750001e-05,
kernel,LFortran + Enzyme,jvp,64,2,256,2.099416015625e-05,
kernel,LFortran + Enzyme,jvp,64,3,256,2.1072160156250001e-05,
kernel,LFortran + Enzyme,jvp,64,4,256,2.1416402343750001e-05,
kernel,LFortran + Enzyme,jvp,64,5,256,2.140884765625e-05,
kernel,LFortran + Enzyme,jvp,64,6,256,2.1409199218750001e-05,
kernel,LFortran + Enzyme,jvp,64,7,256,2.1049890625e-05,
kernel,LFortran + Enzyme,jvp,64,8,256,2.0669640625e-05,
kernel,LFortran + Enzyme,vjp,64,0,256,1.9770488281250003e-05,
kernel,LFortran + Enzyme,vjp,64,1,256,1.867208984375e-05,
kernel,LFortran + Enzyme,vjp,64,2,256,1.9821207031250002e-05,
kernel,LFortran + Enzyme,vjp,64,3,256,1.9767515625000002e-05,
kernel,LFortran + Enzyme,vjp,64,4,256,1.9727125000000001e-05,
kernel,LFortran + Enzyme,vjp,64,5,256,1.8789070312500003e-05,
kernel,LFortran + Enzyme,vjp,64,6,256,2.227880859375e-05,
kernel,LFortran + Enzyme,vjp,64,7,256,2.2565597656250002e-05,
kernel,LFortran + Enzyme,vjp,64,8,256,2.2509906250000002e-05,
kernel,Python/NumPy Autograd (eager),primal,64,0,512,1.1173119140625001e-05,
kernel,Python/NumPy Autograd (eager),primal,64,1,512,1.1014851562500001e-05,
kernel,Python/NumPy Autograd (eager),primal,64,2,512,1.1054302734375001e-05,
kernel,Python/NumPy Autograd (eager),primal,64,3,512,1.0934447265625001e-05,
kernel,Python/NumPy Autograd (eager),primal,64,4,512,1.1020273437500001e-05,
kernel,Python/NumPy Autograd (eager),primal,64,5,512,1.0870498046875001e-05,
kernel,Python/NumPy Autograd (eager),primal,64,6,512,1.1312150390625e-05,
kernel,Python/NumPy Autograd (eager),primal,64,7,512,1.1384806640625e-05,
kernel,Python/NumPy Autograd (eager),primal,64,8,512,1.1288708984375001e-05,
kernel,Python/NumPy Autograd (eager),jvp,64,0,16,0.00029733393750000004,
kernel,Python/NumPy Autograd (eager),jvp,64,1,16,0.00029913106250000003,
kernel,Python/NumPy Autograd (eager),jvp,64,2,16,0.000299876875,
kernel,Python/NumPy Autograd (eager),jvp,64,3,16,0.00029904650000000003,
kernel,Python/NumPy Autograd (eager),jvp,64,4,16,0.00029519362500000001,
kernel,Python/NumPy Autograd (eager),jvp,64,5,16,0.00029567450000000001,
kernel,Python/NumPy Autograd (eager),jvp,64,6,16,0.0002985411875,
kernel,Python/NumPy Autograd (eager),jvp,64,7,16,0.00030108662499999999,
kernel,Python/NumPy Autograd (eager),jvp,64,8,16,0.00030252562500000004,
kernel,Python/NumPy Autograd (eager),vjp,64,0,16,0.00045520006250000003,
kernel,Python/NumPy Autograd (eager),vjp,64,1,16,0.00045881631250000002,
kernel,Python/NumPy Autograd (eager),vjp,64,2,16,0.00045366406250000002,
kernel,Python/NumPy Autograd (eager),vjp,64,3,16,0.00046504800000000002,
kernel,Python/NumPy Autograd (eager),vjp,64,4,16,0.00045382750000000003,
kernel,Python/NumPy Autograd (eager),vjp,64,5,16,0.00042857556250000002,
kernel,Python/NumPy Autograd (eager),vjp,64,6,16,0.000304684,
kernel,Python/NumPy Autograd (eager),vjp,64,7,16,0.00035412587500000003,
kernel,Python/NumPy Autograd (eager),vjp,64,8,16,0.00041653031250000002,
compile_first_call,JAX native (jit),primal,64,0,1,0.039198527000000004,in-memory cache cleared; compile plus first execution
kernel,JAX native (jit),primal,64,0,512,1.1135822265625e-05,
kernel,JAX native (jit),primal,64,1,512,1.1375845703125001e-05,
kernel,JAX native (jit),primal,64,2,512,1.1571605468750001e-05,
kernel,JAX native (jit),primal,64,3,512,1.1680992187500001e-05,
kernel,JAX native (jit),primal,64,4,512,1.1964689453125001e-05,
kernel,JAX native (jit),primal,64,5,512,1.0991939453125e-05,
kernel,JAX native (jit),primal,64,6,512,1.0650435546875001e-05,
kernel,JAX native (jit),primal,64,7,512,1.0711859375000001e-05,
kernel,JAX native (jit),primal,64,8,512,1.040021875e-05,
compile_first_call,JAX native (jit),jvp,64,0,1,0.055283711000000006,in-memory cache cleared; compile plus first execution
kernel,JAX native (jit),jvp,64,0,256,1.8738859375000001e-05,
kernel,JAX native (jit),jvp,64,1,256,1.8685554687500001e-05,
kernel,JAX native (jit),jvp,64,2,256,1.854415625e-05,
kernel,JAX native (jit),jvp,64,3,256,1.8493472656250003e-05,
kernel,JAX native (jit),jvp,64,4,256,1.863831640625e-05,
kernel,JAX native (jit),jvp,64,5,256,1.8968781250000001e-05,
kernel,JAX native (jit),jvp,64,6,256,1.8655808593750001e-05,
kernel,JAX native (jit),jvp,64,7,256,1.8983968750000003e-05,
kernel,JAX native (jit),jvp,64,8,256,1.651388671875e-05,
compile_first_call,JAX native (jit),vjp,64,0,1,0.079428469000000002,in-memory cache cleared; compile plus first execution
kernel,JAX native (jit),vjp,64,0,512,2.0627140625000001e-05,
kernel,JAX native (jit),vjp,64,1,512,2.1334332031250001e-05,
kernel,JAX native (jit),vjp,64,2,512,2.0992947265625001e-05,
kernel,JAX native (jit),vjp,64,3,512,2.0554503906250002e-05,
kernel,JAX native (jit),vjp,64,4,512,2.07236328125e-05,
kernel,JAX native (jit),vjp,64,5,512,2.114919921875e-05,
kernel,JAX native (jit),vjp,64,6,512,2.0952148437500002e-05,
kernel,JAX native (jit),vjp,64,7,512,1.953433984375e-05,
kernel,JAX native (jit),vjp,64,8,512,1.4634701171875001e-05,
kernel,PyTorch native (eager),primal,64,0,256,3.9884906250000004e-05,
kernel,PyTorch native (eager),primal,64,1,256,4.0427917968750002e-05,
kernel,PyTorch native (eager),primal,64,2,256,4.0302648437500006e-05,
kernel,PyTorch native (eager),primal,64,3,256,4.0614796875000002e-05,
kernel,PyTorch native (eager),primal,64,4,256,4.0917125000000003e-05,
kernel,PyTorch native (eager),primal,64,5,256,4.0481226562500004e-05,
kernel,PyTorch native (eager),primal,64,6,256,4.0726453125000001e-05,
kernel,PyTorch native (eager),primal,64,7,256,4.0755609375000003e-05,
kernel,PyTorch native (eager),primal,64,8,256,3.9666800781250001e-05,
compile_first_call,PyTorch native (compile),primal,64,0,1,0.98609523100000007,compiler reset; fresh Inductor cache; compile plus first execution
kernel,PyTorch native (compile),primal,64,0,64,6.7319796874999998e-05,
kernel,PyTorch native (compile),primal,64,1,64,6.8260328125000004e-05,
kernel,PyTorch native (compile),primal,64,2,64,6.7022671875000009e-05,
kernel,PyTorch native (compile),primal,64,3,64,6.7697843750000002e-05,
kernel,PyTorch native (compile),primal,64,4,64,6.6957875000000003e-05,
kernel,PyTorch native (compile),primal,64,5,64,6.6223984375000003e-05,
kernel,PyTorch native (compile),primal,64,6,64,6.7095140625000001e-05,
kernel,PyTorch native (compile),primal,64,7,64,6.64855625e-05,
kernel,PyTorch native (compile),primal,64,8,64,6.7788812500000001e-05,
kernel,PyTorch native (eager),jvp,64,0,8,0.00069984725000000005,
kernel,PyTorch native (eager),jvp,64,1,8,0.0007240841250000001,
kernel,PyTorch native (eager),jvp,64,2,8,0.0007451738750000001,
kernel,PyTorch native (eager),jvp,64,3,8,0.00082809750000000003,
kernel,PyTorch native (eager),jvp,64,4,8,0.00069251962500000005,
kernel,PyTorch native (eager),jvp,64,5,8,0.00065355750000000009,
kernel,PyTorch native (eager),jvp,64,6,8,0.00064702025000000008,
kernel,PyTorch native (eager),jvp,64,7,8,0.00069625175000000009,
kernel,PyTorch native (eager),jvp,64,8,8,0.00051097012500000006,
compile_first_call,PyTorch native (compile),jvp,64,0,1,1.7873487320000001,compiler reset; fresh Inductor cache; compile plus first execution
kernel,PyTorch native (compile),jvp,64,0,64,7.6354156250000007e-05,
kernel,PyTorch native (compile),jvp,64,1,64,6.5157125000000002e-05,
kernel,PyTorch native (compile),jvp,64,2,64,6.5180296875000002e-05,
kernel,PyTorch native (compile),jvp,64,3,64,6.4516859374999999e-05,
kernel,PyTorch native (compile),jvp,64,4,64,6.3908687500000003e-05,
kernel,PyTorch native (compile),jvp,64,5,64,6.3276249999999999e-05,
kernel,PyTorch native (compile),jvp,64,6,64,7.1420656250000011e-05,
kernel,PyTorch native (compile),jvp,64,7,64,8.569817187500001e-05,
kernel,PyTorch native (compile),jvp,64,8,64,8.4354687500000003e-05,
kernel,PyTorch native (eager),vjp,64,0,16,0.00042675831250000001,
kernel,PyTorch native (eager),vjp,64,1,16,0.00047955100000000004,
kernel,PyTorch native (eager),vjp,64,2,16,0.00042679781250000003,
kernel,PyTorch native (eager),vjp,64,3,16,0.00042502318750000002,
kernel,PyTorch native (eager),vjp,64,4,16,0.00043339018750000003,
kernel,PyTorch native (eager),vjp,64,5,16,0.00051885250000000005,
kernel,PyTorch native (eager),vjp,64,6,16,0.00046520768750000005,
kernel,PyTorch native (eager),vjp,64,7,16,0.00046142056250000001,
kernel,PyTorch native (eager),vjp,64,8,16,0.00045108231250000005,
compile_first_call,PyTorch native (compile),vjp,64,0,1,1.5909606820000002,compiler reset; fresh Inductor cache; compile plus first execution
kernel,PyTorch native (compile),vjp,64,0,64,6.0262265625000003e-05,
kernel,PyTorch native (compile),vjp,64,1,64,5.8516500000000001e-05,
kernel,PyTorch native (compile),vjp,64,2,64,5.8458406250000005e-05,
kernel,PyTorch native (compile),vjp,64,3,64,6.0263062500000003e-05,
kernel,PyTorch native (compile),vjp,64,4,64,6.1650671875000006e-05,
kernel,PyTorch native (compile),vjp,64,5,64,5.8918656250000001e-05,
kernel,PyTorch native (compile),vjp,64,6,64,5.8888453125000001e-05,
kernel,PyTorch native (compile),vjp,64,7,64,5.9949343750000007e-05,
kernel,PyTorch native (compile),vjp,64,8,64,5.9813781250000007e-05,
kernel,Fortran analytical,primal,256,0,512,1.3090833984375002e-05,
kernel,Fortran analytical,primal,256,1,512,1.28205e-05,
kernel,Fortran analytical,primal,256,2,512,1.2054957031250001e-05,
kernel,Fortran analytical,primal,256,3,512,1.1939523437500001e-05,
kernel,Fortran analytical,primal,256,4,512,1.1343402343750001e-05,
kernel,Fortran analytical,primal,256,5,512,1.2140546875000001e-05,
kernel,Fortran analytical,primal,256,6,512,1.1680892578125001e-05,
kernel,Fortran analytical,primal,256,7,512,1.1489732421875e-05,
kernel,Fortran analytical,primal,256,8,512,1.13726953125e-05,
kernel,Fortran analytical,jvp,256,0,256,2.098265625e-05,
kernel,Fortran analytical,jvp,256,1,256,2.1642140625000001e-05,
kernel,Fortran analytical,jvp,256,2,256,2.2252781250000002e-05,
kernel,Fortran analytical,jvp,256,3,256,2.09577265625e-05,
kernel,Fortran analytical,jvp,256,4,256,2.2621835937500003e-05,
kernel,Fortran analytical,jvp,256,5,256,2.3471562500000001e-05,
kernel,Fortran analytical,jvp,256,6,256,2.0938433593750001e-05,
kernel,Fortran analytical,jvp,256,7,256,3.0773718749999999e-05,
kernel,Fortran analytical,jvp,256,8,256,2.1665859375000002e-05,
kernel,Fortran analytical,vjp,256,0,256,1.9657972656250001e-05,
kernel,Fortran analytical,vjp,256,1,256,1.8050609375000003e-05,
kernel,Fortran analytical,vjp,256,2,256,1.9406132812500001e-05,
kernel,Fortran analytical,vjp,256,3,256,2.0026320312500002e-05,
kernel,Fortran analytical,vjp,256,4,256,1.9351027343750001e-05,
kernel,Fortran analytical,vjp,256,5,256,1.7981843750000003e-05,
kernel,Fortran analytical,vjp,256,6,256,2.0171125000000002e-05,
kernel,Fortran analytical,vjp,256,7,256,1.9836199218750001e-05,
kernel,Fortran analytical,vjp,256,8,256,1.9443937500000001e-05,
kernel,Flang + Enzyme,primal,256,0,512,1.1133789062500001e-05,
kernel,Flang + Enzyme,primal,256,1,512,1.1062326171875001e-05,
kernel,Flang + Enzyme,primal,256,2,512,1.1106080078125e-05,
kernel,Flang + Enzyme,primal,256,3,512,1.1131537109375001e-05,
kernel,Flang + Enzyme,primal,256,4,512,1.1095023437500001e-05,
kernel,Flang + Enzyme,primal,256,5,512,1.13585859375e-05,
kernel,Flang + Enzyme,primal,256,6,512,1.1293345703125001e-05,
kernel,Flang + Enzyme,primal,256,7,512,1.1201533203125001e-05,
kernel,Flang + Enzyme,primal,256,8,512,1.1162396484375001e-05,
kernel,Flang + Enzyme,jvp,256,0,256,2.093792578125e-05,
kernel,Flang + Enzyme,jvp,256,1,256,2.0588980468750002e-05,
kernel,Flang + Enzyme,jvp,256,2,256,2.052930078125e-05,
kernel,Flang + Enzyme,jvp,256,3,256,2.1776218750000003e-05,
kernel,Flang + Enzyme,jvp,256,4,256,2.1322398437500001e-05,
kernel,Flang + Enzyme,jvp,256,5,256,2.089412890625e-05,
kernel,Flang + Enzyme,jvp,256,6,256,2.2214429687500002e-05,
kernel,Flang + Enzyme,jvp,256,7,256,2.106014453125e-05,
kernel,Flang + Enzyme,jvp,256,8,256,2.0979484375000003e-05,
kernel,Flang + Enzyme,vjp,256,0,256,1.9523343750000001e-05,
kernel,Flang + Enzyme,vjp,256,1,256,1.802407421875e-05,
kernel,Flang + Enzyme,vjp,256,2,256,1.9977125000000001e-05,
kernel,Flang + Enzyme,vjp,256,3,256,1.94229609375e-05,
kernel,Flang + Enzyme,vjp,256,4,256,1.9267820312500002e-05,
kernel,Flang + Enzyme,vjp,256,5,256,1.7778417968750002e-05,
kernel,Flang + Enzyme,vjp,256,6,256,1.9145757812500001e-05,
kernel,Flang + Enzyme,vjp,256,7,256,1.9720550781250002e-05,
kernel,Flang + Enzyme,vjp,256,8,256,2.0449699218750001e-05,
kernel,LFortran + Enzyme,primal,256,0,512,1.114515625e-05,
kernel,LFortran + Enzyme,primal,256,1,512,1.239602734375e-05,
kernel,LFortran + Enzyme,primal,256,2,512,1.1126861328125001e-05,
kernel,LFortran + Enzyme,primal,256,3,512,1.277081640625e-05,
kernel,LFortran + Enzyme,primal,256,4,512,1.1187150390625e-05,
kernel,LFortran + Enzyme,primal,256,5,512,1.1146878906250001e-05,
kernel,LFortran + Enzyme,primal,256,6,512,1.1061818359375001e-05,
kernel,LFortran + Enzyme,primal,256,7,512,1.1143531250000001e-05,
kernel,LFortran + Enzyme,primal,256,8,512,1.1450595703125e-05,
kernel,LFortran + Enzyme,jvp,256,0,256,2.0812296875000003e-05,
kernel,LFortran + Enzyme,jvp,256,1,256,2.5805296875000001e-05,
kernel,LFortran + Enzyme,jvp,256,2,256,2.2333988281250003e-05,
kernel,LFortran + Enzyme,jvp,256,3,256,2.2014328125e-05,
kernel,LFortran + Enzyme,jvp,256,4,256,2.4562171875000001e-05,
kernel,LFortran + Enzyme,jvp,256,5,256,2.100516015625e-05,
kernel,LFortran + Enzyme,jvp,256,6,256,2.09638671875e-05,
kernel,LFortran + Enzyme,jvp,256,7,256,2.1004296875e-05,
kernel,LFortran + Enzyme,jvp,256,8,256,2.1372921875000001e-05,
kernel,LFortran + Enzyme,vjp,256,0,256,2.1460078125000001e-05,
kernel,LFortran + Enzyme,vjp,256,1,256,1.94125859375e-05,
kernel,LFortran + Enzyme,vjp,256,2,256,2.0047730468750001e-05,
kernel,LFortran + Enzyme,vjp,256,3,256,2.080697265625e-05,
kernel,LFortran + Enzyme,vjp,256,4,256,2.191965234375e-05,
kernel,LFortran + Enzyme,vjp,256,5,256,1.9101457031250002e-05,
kernel,LFortran + Enzyme,vjp,256,6,256,2.4002718750000003e-05,
kernel,LFortran + Enzyme,vjp,256,7,256,2.0025656250000002e-05,
kernel,LFortran + Enzyme,vjp,256,8,256,1.9870050781250002e-05,
kernel,Python/NumPy Autograd (eager),primal,256,0,512,1.0513927734375e-05,
kernel,Python/NumPy Autograd (eager),primal,256,1,512,1.216281640625e-05,
kernel,Python/NumPy Autograd (eager),primal,256,2,512,1.0598404296875002e-05,
kernel,Python/NumPy Autograd (eager),primal,256,3,512,1.0453148437500001e-05,
kernel,Python/NumPy Autograd (eager),primal,256,4,512,1.0412585937500001e-05,
kernel,Python/NumPy Autograd (eager),primal,256,5,512,1.09868125e-05,
kernel,Python/NumPy Autograd (eager),primal,256,6,512,1.114065625e-05,
kernel,Python/NumPy Autograd (eager),primal,256,7,512,1.3221841796875e-05,
kernel,Python/NumPy Autograd (eager),primal,256,8,512,1.053519921875e-05,
kernel,Python/NumPy Autograd (eager),jvp,256,0,16,0.00026914706250000004,
kernel,Python/NumPy Autograd (eager),jvp,256,1,16,0.00026662231249999999,
kernel,Python/NumPy Autograd (eager),jvp,256,2,16,0.00026665168750000004,
kernel,Python/NumPy Autograd (eager),jvp,256,3,16,0.00027128168750000002,
kernel,Python/NumPy Autograd (eager),jvp,256,4,16,0.00034921856250000002,
kernel,Python/NumPy Autograd (eager),jvp,256,5,16,0.00028426800000000001,
kernel,Python/NumPy Autograd (eager),jvp,256,6,16,0.00027422475000000003,
kernel,Python/NumPy Autograd (eager),jvp,256,7,16,0.00031787006250000001,
kernel,Python/NumPy Autograd (eager),jvp,256,8,16,0.00028003387500000003,
kernel,Python/NumPy Autograd (eager),vjp,256,0,16,0.00041308512500000004,
kernel,Python/NumPy Autograd (eager),vjp,256,1,16,0.00040415143750000004,
kernel,Python/NumPy Autograd (eager),vjp,256,2,16,0.00040519587500000004,
kernel,Python/NumPy Autograd (eager),vjp,256,3,16,0.00040469425000000002,
kernel,Python/NumPy Autograd (eager),vjp,256,4,16,0.00041980212500000003,
kernel,Python/NumPy Autograd (eager),vjp,256,5,16,0.00040475125000000005,
kernel,Python/NumPy Autograd (eager),vjp,256,6,16,0.00040027287500000005,
kernel,Python/NumPy Autograd (eager),vjp,256,7,16,0.00040471562500000004,
kernel,Python/NumPy Autograd (eager),vjp,256,8,16,0.00040410825,
compile_first_call,JAX native (jit),primal,256,0,1,0.061654934000000002,in-memory cache cleared; compile plus first execution
kernel,JAX native (jit),primal,256,0,512,1.1760525390625e-05,
kernel,JAX native (jit),primal,256,1,512,1.2383751953125e-05,
kernel,JAX native (jit),primal,256,2,512,9.4421914062500013e-06,
kernel,JAX native (jit),primal,256,3,512,8.9106621093749999e-06,
kernel,JAX native (jit),primal,256,4,512,8.9928691406250012e-06,
kernel,JAX native (jit),primal,256,5,512,1.148557421875e-05,
kernel,JAX native (jit),primal,256,6,512,9.6858339843750011e-06,
kernel,JAX native (jit),primal,256,7,512,1.2087705078125001e-05,
kernel,JAX native (jit),primal,256,8,512,7.9928769531249999e-06,
compile_first_call,JAX native (jit),jvp,256,0,1,0.059127884000000006,in-memory cache cleared; compile plus first execution
kernel,JAX native (jit),jvp,256,0,512,1.1690951171875001e-05,
kernel,JAX native (jit),jvp,256,1,512,1.1486992187500001e-05,
kernel,JAX native (jit),jvp,256,2,512,1.1518125000000001e-05,
kernel,JAX native (jit),jvp,256,3,512,1.3962652343750002e-05,
kernel,JAX native (jit),jvp,256,4,512,1.1829316406250001e-05,
kernel,JAX native (jit),jvp,256,5,512,1.6658611328125002e-05,
kernel,JAX native (jit),jvp,256,6,512,1.8294701171875002e-05,
kernel,JAX native (jit),jvp,256,7,512,1.7951808593750003e-05,
kernel,JAX native (jit),jvp,256,8,512,1.8183671875000001e-05,
compile_first_call,JAX native (jit),vjp,256,0,1,0.078962310000000008,in-memory cache cleared; compile plus first execution
kernel,JAX native (jit),vjp,256,0,256,2.1734890625000001e-05,
kernel,JAX native (jit),vjp,256,1,256,2.114733984375e-05,
kernel,JAX native (jit),vjp,256,2,256,2.0795859375000002e-05,
kernel,JAX native (jit),vjp,256,3,256,2.083761328125e-05,
kernel,JAX native (jit),vjp,256,4,256,2.0770144531250001e-05,
kernel,JAX native (jit),vjp,256,5,256,1.8420679687500001e-05,
kernel,JAX native (jit),vjp,256,6,256,1.4381468750000001e-05,
kernel,JAX native (jit),vjp,256,7,256,1.50399765625e-05,
kernel,JAX native (jit),vjp,256,8,256,1.544425e-05,
kernel,PyTorch native (eager),primal,256,0,256,2.4872093750000003e-05,
kernel,PyTorch native (eager),primal,256,1,256,2.4762785156250001e-05,
kernel,PyTorch native (eager),primal,256,2,256,2.4650773437500002e-05,
kernel,PyTorch native (eager),primal,256,3,256,2.4602289062500003e-05,
kernel,PyTorch native (eager),primal,256,4,256,2.5744714843750003e-05,
kernel,PyTorch native (eager),primal,256,5,256,2.6351128906250002e-05,
kernel,PyTorch native (eager),primal,256,6,256,2.8084628906250002e-05,
kernel,PyTorch native (eager),primal,256,7,256,2.5582140625000001e-05,
kernel,PyTorch native (eager),primal,256,8,256,3.3325085937499999e-05,
compile_first_call,PyTorch native (compile),primal,256,0,1,1.0282587680000002,compiler reset; fresh Inductor cache; compile plus first execution
kernel,PyTorch native (compile),primal,256,0,64,5.7265234375000007e-05,
kernel,PyTorch native (compile),primal,256,1,64,5.3210718750000002e-05,
kernel,PyTorch native (compile),primal,256,2,64,5.0737296875000005e-05,
kernel,PyTorch native (compile),primal,256,3,64,4.9664031250000001e-05,
kernel,PyTorch native (compile),primal,256,4,64,6.1221421875000011e-05,
kernel,PyTorch native (compile),primal,256,5,64,6.6282843750000003e-05,
kernel,PyTorch native (compile),primal,256,6,64,6.5888812500000009e-05,
kernel,PyTorch native (compile),primal,256,7,64,8.5964453125000011e-05,
kernel,PyTorch native (compile),primal,256,8,64,8.5334671875000005e-05,
kernel,PyTorch native (eager),jvp,256,0,8,0.00059793387500000001,
kernel,PyTorch native (eager),jvp,256,1,8,0.00080585562500000007,
kernel,PyTorch native (eager),jvp,256,2,8,0.0008435967500000001,
kernel,PyTorch native (eager),jvp,256,3,8,0.001053073875,
kernel,PyTorch native (eager),jvp,256,4,8,0.00075528037500000001,
kernel,PyTorch native (eager),jvp,256,5,8,0.00077140337500000006,
kernel,PyTorch native (eager),jvp,256,6,8,0.00063989187500000004,
kernel,PyTorch native (eager),jvp,256,7,8,0.00079484987500000001,
kernel,PyTorch native (eager),jvp,256,8,8,0.000793303375,
compile_first_call,PyTorch native (compile),jvp,256,0,1,1.4513703360000001,compiler reset; fresh Inductor cache; compile plus first execution
kernel,PyTorch native (compile),jvp,256,0,64,6.5685296874999998e-05,
kernel,PyTorch native (compile),jvp,256,1,64,6.5448296875000007e-05,
kernel,PyTorch native (compile),jvp,256,2,64,9.428404687500001e-05,
kernel,PyTorch native (compile),jvp,256,3,64,9.3341171875000004e-05,
kernel,PyTorch native (compile),jvp,256,4,64,9.5722687500000007e-05,
kernel,PyTorch native (compile),jvp,256,5,64,9.3764296875000012e-05,
kernel,PyTorch native (compile),jvp,256,6,64,6.6379578125000003e-05,
kernel,PyTorch native (compile),jvp,256,7,64,6.6066031249999998e-05,
kernel,PyTorch native (compile),jvp,256,8,64,6.5162296875000004e-05,
kernel,PyTorch native (eager),vjp,256,0,16,0.00040975068750000003,
kernel,PyTorch native (eager),vjp,256,1,16,0.00031793962500000004,
kernel,PyTorch native (eager),vjp,256,2,16,0.00045428775000000003,
kernel,PyTorch native (eager),vjp,256,3,16,0.00041683093750000003,
kernel,PyTorch native (eager),vjp,256,4,16,0.00041722537500000004,
kernel,PyTorch native (eager),vjp,256,5,16,0.00041750656250000003,
kernel,PyTorch native (eager),vjp,256,6,16,0.00046766787500000003,
kernel,PyTorch native (eager),vjp,256,7,16,0.00042607518750000005,
kernel,PyTorch native (eager),vjp,256,8,16,0.00041412018750000004,
compile_first_call,PyTorch native (compile),vjp,256,0,1,1.4716373900000002,compiler reset; fresh Inductor cache; compile plus first execution
kernel,PyTorch native (compile),vjp,256,0,64,8.3212390625e-05,
kernel,PyTorch native (compile),vjp,256,1,64,8.484125e-05,
kernel,PyTorch native (compile),vjp,256,2,64,8.3587781250000007e-05,
kernel,PyTorch native (compile),vjp,256,3,64,8.2582609375000008e-05,
kernel,PyTorch native (compile),vjp,256,4,64,8.374604687500001e-05,
kernel,PyTorch native (compile),vjp,256,5,64,8.2585734375000003e-05,
kernel,PyTorch native (compile),vjp,256,6,64,8.4058687500000005e-05,
kernel,PyTorch native (compile),vjp,256,7,64,8.8494999999999999e-05,
kernel,PyTorch native (compile),vjp,256,8,64,8.0515124999999999e-05,
kernel,Fortran analytical,primal,1024,0,512,1.148487890625e-05,
kernel,Fortran analytical,primal,1024,1,512,8.3855058593749999e-06,
kernel,Fortran analytical,primal,1024,2,512,7.8454257812499998e-06,
kernel,Fortran analytical,primal,1024,3,512,7.9117421875e-06,
kernel,Fortran analytical,primal,1024,4,512,7.8493574218750005e-06,
kernel,Fortran analytical,primal,1024,5,512,1.3150046875e-05,
kernel,Fortran analytical,primal,1024,6,512,1.3117623046875001e-05,
kernel,Fortran analytical,primal,1024,7,512,1.315057421875e-05,
kernel,Fortran analytical,primal,1024,8,512,1.2669923828125e-05,
kernel,Fortran analytical,jvp,1024,0,256,2.5175437500000002e-05,
kernel,Fortran analytical,jvp,1024,1,256,2.5343566406250001e-05,
kernel,Fortran analytical,jvp,1024,2,256,2.5758136718750002e-05,
kernel,Fortran analytical,jvp,1024,3,256,2.5865171875000002e-05,
kernel,Fortran analytical,jvp,1024,4,256,2.4585105468750001e-05,
kernel,Fortran analytical,jvp,1024,5,256,2.3868835937500003e-05,
kernel,Fortran analytical,jvp,1024,6,256,2.3168175781250001e-05,
kernel,Fortran analytical,jvp,1024,7,256,2.3956851562500001e-05,
kernel,Fortran analytical,jvp,1024,8,256,2.4474859375000001e-05,
kernel,Fortran analytical,vjp,1024,0,256,1.4976652343750001e-05,
kernel,Fortran analytical,vjp,1024,1,256,1.4284292968750001e-05,
kernel,Fortran analytical,vjp,1024,2,256,2.06357109375e-05,
kernel,Fortran analytical,vjp,1024,3,256,2.485851171875e-05,
kernel,Fortran analytical,vjp,1024,4,256,2.3237996093750002e-05,
kernel,Fortran analytical,vjp,1024,5,256,2.12853359375e-05,
kernel,Fortran analytical,vjp,1024,6,256,1.6401992187500001e-05,
kernel,Fortran analytical,vjp,1024,7,256,1.6416671875000002e-05,
kernel,Fortran analytical,vjp,1024,8,256,1.6070898437500002e-05,
kernel,Flang + Enzyme,primal,1024,0,512,1.0246863281250001e-05,
kernel,Flang + Enzyme,primal,1024,1,512,9.7100703125000005e-06,
kernel,Flang + Enzyme,primal,1024,2,512,8.3219863281249997e-06,
kernel,Flang + Enzyme,primal,1024,3,512,9.2238613281250003e-06,
kernel,Flang + Enzyme,primal,1024,4,512,8.7804296874999998e-06,
kernel,Flang + Enzyme,primal,1024,5,512,8.7990761718750005e-06,
kernel,Flang + Enzyme,primal,1024,6,512,8.2630078125000013e-06,
kernel,Flang + Enzyme,primal,1024,7,512,8.291929687500001e-06,
kernel,Flang + Enzyme,primal,1024,8,512,8.6344707031250003e-06,
kernel,Flang + Enzyme,jvp,1024,0,256,1.6925046875e-05,
kernel,Flang + Enzyme,jvp,1024,1,256,2.5019359375000003e-05,
kernel,Flang + Enzyme,jvp,1024,2,256,2.4832171875000003e-05,
kernel,Flang + Enzyme,jvp,1024,3,256,2.5085109375000001e-05,
kernel,Flang + Enzyme,jvp,1024,4,256,2.4862152343750001e-05,
kernel,Flang + Enzyme,jvp,1024,5,256,1.765823046875e-05,
kernel,Flang + Enzyme,jvp,1024,6,256,1.5899875000000002e-05,
kernel,Flang + Enzyme,jvp,1024,7,256,1.5424449218750001e-05,
kernel,Flang + Enzyme,jvp,1024,8,256,1.5605457031250001e-05,
kernel,Flang + Enzyme,vjp,1024,0,256,2.4267242187500001e-05,
kernel,Flang + Enzyme,vjp,1024,1,256,2.3295644531250003e-05,
kernel,Flang + Enzyme,vjp,1024,2,256,2.4869746093750002e-05,
kernel,Flang + Enzyme,vjp,1024,3,256,2.4450359375000002e-05,
kernel,Flang + Enzyme,vjp,1024,4,256,2.4416078125000001e-05,
kernel,Flang + Enzyme,vjp,1024,5,256,2.28743046875e-05,
kernel,Flang + Enzyme,vjp,1024,6,256,2.4252800781250003e-05,
kernel,Flang + Enzyme,vjp,1024,7,256,2.4487617187500002e-05,
kernel,Flang + Enzyme,vjp,1024,8,256,2.4775308593750003e-05,
kernel,LFortran + Enzyme,primal,1024,0,512,1.2696908203125001e-05,
kernel,LFortran + Enzyme,primal,1024,1,512,1.1103478515625001e-05,
kernel,LFortran + Enzyme,primal,1024,2,512,1.1423337890625001e-05,
kernel,LFortran + Enzyme,primal,1024,3,512,1.3673318359375001e-05,
kernel,LFortran + Enzyme,primal,1024,4,512,1.3696800781250001e-05,
kernel,LFortran + Enzyme,primal,1024,5,512,1.3893634765625e-05,
kernel,LFortran + Enzyme,primal,1024,6,512,1.3827728515625001e-05,
kernel,LFortran + Enzyme,primal,1024,7,512,1.3511294921875001e-05,
kernel,LFortran + Enzyme,primal,1024,8,512,1.3370462890625001e-05,
kernel,LFortran + Enzyme,jvp,1024,0,256,2.5924152343750002e-05,
kernel,LFortran + Enzyme,jvp,1024,1,256,2.6568414062500003e-05,
kernel,LFortran + Enzyme,jvp,1024,2,256,2.9729289062500003e-05,
kernel,LFortran + Enzyme,jvp,1024,3,256,3.06541953125e-05,
kernel,LFortran + Enzyme,jvp,1024,4,256,2.6166210937500001e-05,
kernel,LFortran + Enzyme,jvp,1024,5,256,2.5406691406250002e-05,
kernel,LFortran + Enzyme,jvp,1024,6,256,2.5862980468750003e-05,
kernel,LFortran + Enzyme,jvp,1024,7,256,2.5240597656250003e-05,
kernel,LFortran + Enzyme,jvp,1024,8,256,2.5220406250000002e-05,
kernel,LFortran + Enzyme,vjp,1024,0,256,1.8131191406250001e-05,
kernel,LFortran + Enzyme,vjp,1024,1,256,1.6792183593749999e-05,
kernel,LFortran + Enzyme,vjp,1024,2,256,3.0165660156250002e-05,
kernel,LFortran + Enzyme,vjp,1024,3,256,2.073253515625e-05,
kernel,LFortran + Enzyme,vjp,1024,4,256,1.6184203125000001e-05,
kernel,LFortran + Enzyme,vjp,1024,5,256,2.0535289062500003e-05,
kernel,LFortran + Enzyme,vjp,1024,6,256,1.6569304687500002e-05,
kernel,LFortran + Enzyme,vjp,1024,7,256,1.6845839843750001e-05,
kernel,LFortran + Enzyme,vjp,1024,8,256,1.9100242187500001e-05,
kernel,Python/NumPy Autograd (eager),primal,1024,0,512,1.3573794921875e-05,
kernel,Python/NumPy Autograd (eager),primal,1024,1,512,1.4718802734375001e-05,
kernel,Python/NumPy Autograd (eager),primal,1024,2,512,1.4605443359375e-05,
kernel,Python/NumPy Autograd (eager),primal,1024,3,512,8.8086464843750013e-06,
kernel,Python/NumPy Autograd (eager),primal,1024,4,512,8.586587890625001e-06,
kernel,Python/NumPy Autograd (eager),primal,1024,5,512,8.7970429687500001e-06,
kernel,Python/NumPy Autograd (eager),primal,1024,6,512,9.0203535156250003e-06,
kernel,Python/NumPy Autograd (eager),primal,1024,7,512,1.1754958984375001e-05,
kernel,Python/NumPy Autograd (eager),primal,1024,8,512,1.3917900390625001e-05,
kernel,Python/NumPy Autograd (eager),jvp,1024,0,32,0.00024330934375000002,
kernel,Python/NumPy Autograd (eager),jvp,1024,1,32,0.0002557486875,
kernel,Python/NumPy Autograd (eager),jvp,1024,2,32,0.00033937250000000001,
kernel,Python/NumPy Autograd (eager),jvp,1024,3,32,0.00027805728125000003,
kernel,Python/NumPy Autograd (eager),jvp,1024,4,32,0.00022623309375000001,
kernel,Python/NumPy Autograd (eager),jvp,1024,5,32,0.00022860006250000002,
kernel,Python/NumPy Autograd (eager),jvp,1024,6,32,0.00022687365625,
kernel,Python/NumPy Autograd (eager),jvp,1024,7,32,0.00023204653125000001,
kernel,Python/NumPy Autograd (eager),jvp,1024,8,32,0.00022357278125,
kernel,Python/NumPy Autograd (eager),vjp,1024,0,8,0.00062644400000000009,
kernel,Python/NumPy Autograd (eager),vjp,1024,1,8,0.00056128625000000001,
kernel,Python/NumPy Autograd (eager),vjp,1024,2,8,0.00043807025000000002,
kernel,Python/NumPy Autograd (eager),vjp,1024,3,8,0.00041952037500000001,
kernel,Python/NumPy Autograd (eager),vjp,1024,4,8,0.000362748375,
kernel,Python/NumPy Autograd (eager),vjp,1024,5,8,0.00034592675000000002,
kernel,Python/NumPy Autograd (eager),vjp,1024,6,8,0.00033914275,
kernel,Python/NumPy Autograd (eager),vjp,1024,7,8,0.00033704000000000004,
kernel,Python/NumPy Autograd (eager),vjp,1024,8,8,0.00034806825000000002,
compile_first_call,JAX native (jit),primal,1024,0,1,0.043533575000000005,in-memory cache cleared; compile plus first execution
kernel,JAX native (jit),primal,1024,0,1024,9.3515341796875008e-06,
kernel,JAX native (jit),primal,1024,1,1024,8.3466816406249997e-06,
kernel,JAX native (jit),primal,1024,2,1024,8.2872041015624997e-06,
kernel,JAX native (jit),primal,1024,3,1024,8.7291406250000011e-06,
kernel,JAX native (jit),primal,1024,4,1024,8.4941181640625008e-06,
kernel,JAX native (jit),primal,1024,5,1024,9.3647324218750012e-06,
kernel,JAX native (jit),primal,1024,6,1024,8.1223818359375001e-06,
kernel,JAX native (jit),primal,1024,7,1024,1.21646064453125e-05,
kernel,JAX native (jit),primal,1024,8,1024,1.16457197265625e-05,
compile_first_call,JAX native (jit),jvp,1024,0,1,0.057415217000000004,in-memory cache cleared; compile plus first execution
kernel,JAX native (jit),jvp,1024,0,512,1.2172423828125e-05,
kernel,JAX native (jit),jvp,1024,1,512,1.333326171875e-05,
kernel,JAX native (jit),jvp,1024,2,512,1.3241939453125001e-05,
kernel,JAX native (jit),jvp,1024,3,512,2.0172359375e-05,
kernel,JAX native (jit),jvp,1024,4,512,2.0501945312500003e-05,
kernel,JAX native (jit),jvp,1024,5,512,1.7063218750000003e-05,
kernel,JAX native (jit),jvp,1024,6,512,1.3075767578125e-05,
kernel,JAX native (jit),jvp,1024,7,512,1.9062298828125e-05,
kernel,JAX native (jit),jvp,1024,8,512,1.4842982421875001e-05,
compile_first_call,JAX native (jit),vjp,1024,0,1,0.080456526,in-memory cache cleared; compile plus first execution
kernel,JAX native (jit),vjp,1024,0,256,1.5115468750000001e-05,
kernel,JAX native (jit),vjp,1024,1,256,1.54965390625e-05,
kernel,JAX native (jit),vjp,1024,2,256,1.5330132812500002e-05,
kernel,JAX native (jit),vjp,1024,3,256,1.8844527343750001e-05,
kernel,JAX native (jit),vjp,1024,4,256,1.9337718750000003e-05,
kernel,JAX native (jit),vjp,1024,5,256,1.9251660156250001e-05,
kernel,JAX native (jit),vjp,1024,6,256,1.9422957031250003e-05,
kernel,JAX native (jit),vjp,1024,7,256,1.9930871093750003e-05,
kernel,JAX native (jit),vjp,1024,8,256,1.9630261718750001e-05,
kernel,PyTorch native (eager),primal,1024,0,128,4.3189718750000004e-05,
kernel,PyTorch native (eager),primal,1024,1,128,4.2723773437500004e-05,
kernel,PyTorch native (eager),primal,1024,2,128,4.2625773437500006e-05,
kernel,PyTorch native (eager),primal,1024,3,128,4.18828046875e-05,
kernel,PyTorch native (eager),primal,1024,4,128,3.0062492187500003e-05,
kernel,PyTorch native (eager),primal,1024,5,128,2.7005960937500002e-05,
kernel,PyTorch native (eager),primal,1024,6,128,2.6677445312500002e-05,
kernel,PyTorch native (eager),primal,1024,7,128,2.6718617187500001e-05,
kernel,PyTorch native (eager),primal,1024,8,128,2.6184484375000001e-05,
compile_first_call,PyTorch native (compile),primal,1024,0,1,0.97701918900000007,compiler reset; fresh Inductor cache; compile plus first execution
kernel,PyTorch native (compile),primal,1024,0,64,6.2416500000000001e-05,
kernel,PyTorch native (compile),primal,1024,1,64,6.0724875000000004e-05,
kernel,PyTorch native (compile),primal,1024,2,64,5.8246765625000001e-05,
kernel,PyTorch native (compile),primal,1024,3,64,5.8297953125000001e-05,
kernel,PyTorch native (compile),primal,1024,4,64,5.8194156250000005e-05,
kernel,PyTorch native (compile),primal,1024,5,64,5.7554843750000001e-05,
kernel,PyTorch native (compile),primal,1024,6,64,5.5165328125000001e-05,
kernel,PyTorch native (compile),primal,1024,7,64,4.5516531250000001e-05,
kernel,PyTorch native (compile),primal,1024,8,64,4.5180265625e-05,
kernel,PyTorch native (eager),jvp,1024,0,8,0.00065228762500000009,
kernel,PyTorch native (eager),jvp,1024,1,8,0.00066160262500000006,
kernel,PyTorch native (eager),jvp,1024,2,8,0.00067478000000000004,
kernel,PyTorch native (eager),jvp,1024,3,8,0.00059890587500000003,
kernel,PyTorch native (eager),jvp,1024,4,8,0.00050907025000000001,
kernel,PyTorch native (eager),jvp,1024,5,8,0.00050866325,
kernel,PyTorch native (eager),jvp,1024,6,8,0.00051417500000000007,
kernel,PyTorch native (eager),jvp,1024,7,8,0.000512091,
kernel,PyTorch native (eager),jvp,1024,8,8,0.00066614875000000002,
compile_first_call,PyTorch native (compile),jvp,1024,0,1,1.471053723,compiler reset; fresh Inductor cache; compile plus first execution
kernel,PyTorch native (compile),jvp,1024,0,64,8.5766890625000011e-05,
kernel,PyTorch native (compile),jvp,1024,1,64,8.5067453125000009e-05,
kernel,PyTorch native (compile),jvp,1024,2,64,8.498745312500001e-05,
kernel,PyTorch native (compile),jvp,1024,3,64,8.6634296875000004e-05,
kernel,PyTorch native (compile),jvp,1024,4,64,8.4506546875000004e-05,
kernel,PyTorch native (compile),jvp,1024,5,64,8.2607656250000011e-05,
kernel,PyTorch native (compile),jvp,1024,6,64,7.3185375000000004e-05,
kernel,PyTorch native (compile),jvp,1024,7,64,6.5768906250000009e-05,
kernel,PyTorch native (compile),jvp,1024,8,64,6.3748843750000003e-05,
kernel,PyTorch native (eager),vjp,1024,0,16,0.00038528643750000002,
kernel,PyTorch native (eager),vjp,1024,1,16,0.00041292293750000002,
kernel,PyTorch native (eager),vjp,1024,2,16,0.00047989100000000003,
kernel,PyTorch native (eager),vjp,1024,3,16,0.00040107806250000005,
kernel,PyTorch native (eager),vjp,1024,4,16,0.00042671268750000001,
kernel,PyTorch native (eager),vjp,1024,5,16,0.00046938056250000001,
kernel,PyTorch native (eager),vjp,1024,6,16,0.00047856343750000003,
kernel,PyTorch native (eager),vjp,1024,7,16,0.00041936631250000001,
kernel,PyTorch native (eager),vjp,1024,8,16,0.00042263493750000001,
compile_first_call,PyTorch native (compile),vjp,1024,0,1,1.5350335390000001,compiler reset; fresh Inductor cache; compile plus first execution
kernel,PyTorch native (compile),vjp,1024,0,128,6.454119531250001e-05,
kernel,PyTorch native (compile),vjp,1024,1,128,6.1959070312499998e-05,
kernel,PyTorch native (compile),vjp,1024,2,128,6.676765625e-05,
kernel,PyTorch native (compile),vjp,1024,3,128,7.9628218750000011e-05,
kernel,PyTorch native (compile),vjp,1024,4,128,7.7949742187500011e-05,
kernel,PyTorch native (compile),vjp,1024,5,128,7.6607835937500001e-05,
kernel,PyTorch native (compile),vjp,1024,6,128,7.6390710937500011e-05,
kernel,PyTorch native (compile),vjp,1024,7,128,6.2534218750000001e-05,
kernel,PyTorch native (compile),vjp,1024,8,128,6.8314085937500006e-05,
kernel,Fortran analytical,primal,4096,0,512,9.9121308593749999e-06,
kernel,Fortran analytical,primal,4096,1,512,8.8820449218750008e-06,
kernel,Fortran analytical,primal,4096,2,512,8.7215859374999999e-06,
kernel,Fortran analytical,primal,4096,3,512,9.669310546875001e-06,
kernel,Fortran analytical,primal,4096,4,512,1.4470542968750001e-05,
kernel,Fortran analytical,primal,4096,5,512,1.4512789062500001e-05,
kernel,Fortran analytical,primal,4096,6,512,1.4703363281250002e-05,
kernel,Fortran analytical,primal,4096,7,512,1.4491539062500002e-05,
kernel,Fortran analytical,primal,4096,8,512,1.4514396484375002e-05,
kernel,Fortran analytical,jvp,4096,0,256,2.7117535156250001e-05,
kernel,Fortran analytical,jvp,4096,1,256,1.824460546875e-05,
kernel,Fortran analytical,jvp,4096,2,256,1.805855078125e-05,
kernel,Fortran analytical,jvp,4096,3,256,1.8413320312500002e-05,
kernel,Fortran analytical,jvp,4096,4,256,1.8407605468750002e-05,
kernel,Fortran analytical,jvp,4096,5,256,3.0073765625000002e-05,
kernel,Fortran analytical,jvp,4096,6,256,3.0877664062499999e-05,
kernel,Fortran analytical,jvp,4096,7,256,3.0314609375000003e-05,
kernel,Fortran analytical,jvp,4096,8,256,2.9171558593750003e-05,
kernel,Fortran analytical,vjp,4096,0,256,2.023507421875e-05,
kernel,Fortran analytical,vjp,4096,1,256,2.1534433593750003e-05,
kernel,Fortran analytical,vjp,4096,2,256,2.2933753906250002e-05,
kernel,Fortran analytical,vjp,4096,3,256,1.955946484375e-05,
kernel,Fortran analytical,vjp,4096,4,256,1.89389609375e-05,
kernel,Fortran analytical,vjp,4096,5,256,1.7015453125000001e-05,
kernel,Fortran analytical,vjp,4096,6,256,2.106073046875e-05,
kernel,Fortran analytical,vjp,4096,7,256,2.9831589843750001e-05,
kernel,Fortran analytical,vjp,4096,8,256,1.875322265625e-05,
kernel,Flang + Enzyme,primal,4096,0,512,9.1845683593750012e-06,
kernel,Flang + Enzyme,primal,4096,1,512,1.0094369140625001e-05,
kernel,Flang + Enzyme,primal,4096,2,512,9.3773339843750006e-06,
kernel,Flang + Enzyme,primal,4096,3,512,9.1944316406250002e-06,
kernel,Flang + Enzyme,primal,4096,4,512,9.3236015625000005e-06,
kernel,Flang + Enzyme,primal,4096,5,512,1.0150138671875001e-05,
kernel,Flang + Enzyme,primal,4096,6,512,9.1878164062500009e-06,
kernel,Flang + Enzyme,primal,4096,7,512,8.9662070312500014e-06,
kernel,Flang + Enzyme,primal,4096,8,512,1.0087871093750001e-05,
kernel,Flang + Enzyme,jvp,4096,0,256,2.2040664062500002e-05,
kernel,Flang + Enzyme,jvp,4096,1,256,2.522596484375e-05,
kernel,Flang + Enzyme,jvp,4096,2,256,2.1684015625000003e-05,
kernel,Flang + Enzyme,jvp,4096,3,256,2.2691222656250001e-05,
kernel,Flang + Enzyme,jvp,4096,4,256,1.7592949218750002e-05,
kernel,Flang + Enzyme,jvp,4096,5,256,1.789527734375e-05,
kernel,Flang + Enzyme,jvp,4096,6,256,2.2957078125e-05,
kernel,Flang + Enzyme,jvp,4096,7,256,2.8988285156250003e-05,
kernel,Flang + Enzyme,jvp,4096,8,256,1.872934765625e-05,
kernel,Flang + Enzyme,vjp,4096,0,256,2.4486324218750001e-05,
kernel,Flang + Enzyme,vjp,4096,1,256,3.0345449218750002e-05,
kernel,Flang + Enzyme,vjp,4096,2,256,3.1387492187500001e-05,
kernel,Flang + Enzyme,vjp,4096,3,256,3.109983984375e-05,
kernel,Flang + Enzyme,vjp,4096,4,256,3.07685546875e-05,
kernel,Flang + Enzyme,vjp,4096,5,256,3.028748828125e-05,
kernel,Flang + Enzyme,vjp,4096,6,256,3.2006000000000005e-05,
kernel,Flang + Enzyme,vjp,4096,7,256,3.3488910156250004e-05,
kernel,Flang + Enzyme,vjp,4096,8,256,3.3562136718750004e-05,
kernel,LFortran + Enzyme,primal,4096,0,256,1.5766187500000001e-05,
kernel,LFortran + Enzyme,primal,4096,1,256,1.7541953125e-05,
kernel,LFortran + Enzyme,primal,4096,2,256,1.5966722656250002e-05,
kernel,LFortran + Enzyme,primal,4096,3,256,1.5975683593750001e-05,
kernel,LFortran + Enzyme,primal,4096,4,256,1.7706363281250001e-05,
kernel,LFortran + Enzyme,primal,4096,5,256,1.6826308593750001e-05,
kernel,LFortran + Enzyme,primal,4096,6,256,1.851108203125e-05,
kernel,LFortran + Enzyme,primal,4096,7,256,1.676705859375e-05,
kernel,LFortran + Enzyme,primal,4096,8,256,1.804187890625e-05,
kernel,LFortran + Enzyme,jvp,4096,0,128,2.9474203125000001e-05,
kernel,LFortran + Enzyme,jvp,4096,1,128,3.2656679687500002e-05,
kernel,LFortran + Enzyme,jvp,4096,2,128,3.0167304687500003e-05,
kernel,LFortran + Enzyme,jvp,4096,3,128,3.3510632812500002e-05,
kernel,LFortran + Enzyme,jvp,4096,4,128,3.0133804687500001e-05,
kernel,LFortran + Enzyme,jvp,4096,5,128,3.3507109375e-05,
kernel,LFortran + Enzyme,jvp,4096,6,128,3.0159945312500001e-05,
kernel,LFortran + Enzyme,jvp,4096,7,128,3.3398781250000003e-05,
kernel,LFortran + Enzyme,jvp,4096,8,128,2.99084609375e-05,
kernel,LFortran + Enzyme,vjp,4096,0,128,4.2590000000000004e-05,
kernel,LFortran + Enzyme,vjp,4096,1,128,2.1927562500000001e-05,
kernel,LFortran + Enzyme,vjp,4096,2,128,2.06628359375e-05,
kernel,LFortran + Enzyme,vjp,4096,3,128,2.26367109375e-05,
kernel,LFortran + Enzyme,vjp,4096,4,128,2.0451656250000001e-05,
kernel,LFortran + Enzyme,vjp,4096,5,128,2.0619085937500002e-05,
kernel,LFortran + Enzyme,vjp,4096,6,128,2.2343812500000002e-05,
kernel,LFortran + Enzyme,vjp,4096,7,128,2.00805625e-05,
kernel,LFortran + Enzyme,vjp,4096,8,128,2.3135070312500002e-05,
kernel,Python/NumPy Autograd (eager),primal,4096,0,512,1.2547134765625001e-05,
kernel,Python/NumPy Autograd (eager),primal,4096,1,512,1.2959298828125001e-05,
kernel,Python/NumPy Autograd (eager),primal,4096,2,512,1.7149535156250001e-05,
kernel,Python/NumPy Autograd (eager),primal,4096,3,512,1.723176171875e-05,
kernel,Python/NumPy Autograd (eager),primal,4096,4,512,1.658605078125e-05,
kernel,Python/NumPy Autograd (eager),primal,4096,5,512,1.2497216796875e-05,
kernel,Python/NumPy Autograd (eager),primal,4096,6,512,1.23680078125e-05,
kernel,Python/NumPy Autograd (eager),primal,4096,7,512,1.2548367187500001e-05,
kernel,Python/NumPy Autograd (eager),primal,4096,8,512,1.24959453125e-05,
kernel,Python/NumPy Autograd (eager),jvp,4096,0,32,0.00024872703125,
kernel,Python/NumPy Autograd (eager),jvp,4096,1,32,0.00023403371875,
kernel,Python/NumPy Autograd (eager),jvp,4096,2,32,0.00021853137500000002,
kernel,Python/NumPy Autograd (eager),jvp,4096,3,32,0.00021722078125000001,
kernel,Python/NumPy Autograd (eager),jvp,4096,4,32,0.00025280375,
kernel,Python/NumPy Autograd (eager),jvp,4096,5,32,0.00034434090625000001,
kernel,Python/NumPy Autograd (eager),jvp,4096,6,32,0.00024047431250000001,
kernel,Python/NumPy Autograd (eager),jvp,4096,7,32,0.00026166953125000001,
kernel,Python/NumPy Autograd (eager),jvp,4096,8,32,0.00033611509375000001,
kernel,Python/NumPy Autograd (eager),vjp,4096,0,8,0.00074930162500000006,
kernel,Python/NumPy Autograd (eager),vjp,4096,1,8,0.00074821837500000006,
kernel,Python/NumPy Autograd (eager),vjp,4096,2,8,0.00074187137500000009,
kernel,Python/NumPy Autograd (eager),vjp,4096,3,8,0.00073215675000000001,
kernel,Python/NumPy Autograd (eager),vjp,4096,4,8,0.00071092187500000007,
kernel,Python/NumPy Autograd (eager),vjp,4096,5,8,0.00070731875,
kernel,Python/NumPy Autograd (eager),vjp,4096,6,8,0.00071527125000000005,
kernel,Python/NumPy Autograd (eager),vjp,4096,7,8,0.00062680837499999999,
kernel,Python/NumPy Autograd (eager),vjp,4096,8,8,0.00052930462500000008,
compile_first_call,JAX native (jit),primal,4096,0,1,0.040811076000000002,in-memory cache cleared; compile plus first execution
kernel,JAX native (jit),primal,4096,0,256,1.5684078125e-05,
kernel,JAX native (jit),primal,4096,1,256,1.4645562500000002e-05,
kernel,JAX native (jit),primal,4096,2,256,1.466771484375e-05,
kernel,JAX native (jit),primal,4096,3,256,1.504838671875e-05,
kernel,JAX native (jit),primal,4096,4,256,1.4304566406250001e-05,
kernel,JAX native (jit),primal,4096,5,256,1.7128167968750002e-05,
kernel,JAX native (jit),primal,4096,6,256,1.80428203125e-05,
kernel,JAX native (jit),primal,4096,7,256,1.8706292968750002e-05,
kernel,JAX native (jit),primal,4096,8,256,1.4661136718750002e-05,
compile_first_call,JAX native (jit),jvp,4096,0,1,0.059423590000000005,in-memory cache cleared; compile plus first execution
kernel,JAX native (jit),jvp,4096,0,256,2.0271195312500002e-05,
kernel,JAX native (jit),jvp,4096,1,256,2.1510523437500001e-05,
kernel,JAX native (jit),jvp,4096,2,256,1.9553242187500002e-05,
kernel,JAX native (jit),jvp,4096,3,256,1.9866921875000002e-05,
kernel,JAX native (jit),jvp,4096,4,256,1.99594375e-05,
kernel,JAX native (jit),jvp,4096,5,256,1.9566664062500002e-05,
kernel,JAX native (jit),jvp,4096,6,256,1.9854593750000003e-05,
kernel,JAX native (jit),jvp,4096,7,256,2.3141566406250001e-05,
kernel,JAX native (jit),jvp,4096,8,256,2.0557285156250002e-05,
compile_first_call,JAX native (jit),vjp,4096,0,1,0.078678957000000008,in-memory cache cleared; compile plus first execution
kernel,JAX native (jit),vjp,4096,0,256,3.0957265625000004e-05,
kernel,JAX native (jit),vjp,4096,1,256,2.143346875e-05,
kernel,JAX native (jit),vjp,4096,2,256,2.7180855468750001e-05,
kernel,JAX native (jit),vjp,4096,3,256,2.1657949218750001e-05,
kernel,JAX native (jit),vjp,4096,4,256,2.18177421875e-05,
kernel,JAX native (jit),vjp,4096,5,256,2.6088132812500003e-05,
kernel,JAX native (jit),vjp,4096,6,256,2.8449847656250003e-05,
kernel,JAX native (jit),vjp,4096,7,256,2.8460613281250001e-05,
kernel,JAX native (jit),vjp,4096,8,256,2.4566632812500001e-05,
kernel,PyTorch native (eager),primal,4096,0,128,5.2424000000000005e-05,
kernel,PyTorch native (eager),primal,4096,1,128,5.0832484375000006e-05,
kernel,PyTorch native (eager),primal,4096,2,128,5.0661460937500003e-05,
kernel,PyTorch native (eager),primal,4096,3,128,4.9840460937500005e-05,
kernel,PyTorch native (eager),primal,4096,4,128,5.0354312500000004e-05,
kernel,PyTorch native (eager),primal,4096,5,128,5.0061578125000001e-05,
kernel,PyTorch native (eager),primal,4096,6,128,4.9411445312500001e-05,
kernel,PyTorch native (eager),primal,4096,7,128,4.9323625000000005e-05,
kernel,PyTorch native (eager),primal,4096,8,128,3.3765093750000004e-05,
compile_first_call,PyTorch native (compile),primal,4096,0,1,0.98740572000000004,compiler reset; fresh Inductor cache; compile plus first execution
kernel,PyTorch native (compile),primal,4096,0,128,6.0852382812500001e-05,
kernel,PyTorch native (compile),primal,4096,1,128,6.0695992187500007e-05,
kernel,PyTorch native (compile),primal,4096,2,128,6.0561750000000003e-05,
kernel,PyTorch native (compile),primal,4096,3,128,5.9905828125000001e-05,
kernel,PyTorch native (compile),primal,4096,4,128,5.9334828125000003e-05,
kernel,PyTorch native (compile),primal,4096,5,128,5.9862703125000006e-05,
kernel,PyTorch native (compile),primal,4096,6,128,5.9034578125000005e-05,
kernel,PyTorch native (compile),primal,4096,7,128,6.2573507812500002e-05,
kernel,PyTorch native (compile),primal,4096,8,128,6.0172109375000003e-05,
kernel,PyTorch native (eager),jvp,4096,0,8,0.00065436912500000007,
kernel,PyTorch native (eager),jvp,4096,1,8,0.00062965375000000002,
kernel,PyTorch native (eager),jvp,4096,2,8,0.00053304675000000006,
kernel,PyTorch native (eager),jvp,4096,3,8,0.00058069274999999999,
kernel,PyTorch native (eager),jvp,4096,4,8,0.00053971062499999999,
kernel,PyTorch native (eager),jvp,4096,5,8,0.00053298537500000005,
kernel,PyTorch native (eager),jvp,4096,6,8,0.00052202725000000008,
kernel,PyTorch native (eager),jvp,4096,7,8,0.00052853700000000004,
kernel,PyTorch native (eager),jvp,4096,8,8,0.00053333975000000001,
compile_first_call,PyTorch native (compile),jvp,4096,0,1,1.4610225000000001,compiler reset; fresh Inductor cache; compile plus first execution
kernel,PyTorch native (compile),jvp,4096,0,64,8.827475e-05,
kernel,PyTorch native (compile),jvp,4096,1,64,8.8027859375000011e-05,
kernel,PyTorch native (compile),jvp,4096,2,64,8.9187250000000002e-05,
kernel,PyTorch native (compile),jvp,4096,3,64,8.931139062500001e-05,
kernel,PyTorch native (compile),jvp,4096,4,64,8.5035828124999999e-05,
kernel,PyTorch native (compile),jvp,4096,5,64,8.6581859375000012e-05,
kernel,PyTorch native (compile),jvp,4096,6,64,6.752534375000001e-05,
kernel,PyTorch native (compile),jvp,4096,7,64,6.7188296875000001e-05,
kernel,PyTorch native (compile),jvp,4096,8,64,6.8376328125000001e-05,
kernel,PyTorch native (eager),vjp,4096,0,16,0.00034709387500000001,
kernel,PyTorch native (eager),vjp,4096,1,16,0.00034268056250000002,
kernel,PyTorch native (eager),vjp,4096,2,16,0.019307934500000002,
kernel,PyTorch native (eager),vjp,4096,3,16,0.00044513862500000003,
kernel,PyTorch native (eager),vjp,4096,4,16,0.00047084825000000003,
kernel,PyTorch native (eager),vjp,4096,5,16,0.00046599231250000003,
kernel,PyTorch native (eager),vjp,4096,6,16,0.00045729587500000001,
kernel,PyTorch native (eager),vjp,4096,7,16,0.00045156256250000005,
kernel,PyTorch native (eager),vjp,4096,8,16,0.00048022037500000003,
compile_first_call,PyTorch native (compile),vjp,4096,0,1,1.4972863510000001,compiler reset; fresh Inductor cache; compile plus first execution
kernel,PyTorch native (compile),vjp,4096,0,64,0.000104987640625,
kernel,PyTorch native (compile),vjp,4096,1,64,0.000103993421875,
kernel,PyTorch native (compile),vjp,4096,2,64,0.00010450125000000001,
kernel,PyTorch native (compile),vjp,4096,3,64,0.00010507921875000001,
kernel,PyTorch native (compile),vjp,4096,4,64,0.00010461537500000001,
kernel,PyTorch native (compile),vjp,4096,5,64,0.000102858296875,
kernel,PyTorch native (compile),vjp,4096,6,64,0.00010324529687500001,
kernel,PyTorch native (compile),vjp,4096,7,64,0.00010571323437500001,
kernel,PyTorch native (compile),vjp,4096,8,64,0.00010454507812500001,
kernel,Fortran analytical,primal,16384,0,256,2.5201425781250001e-05,
kernel,Fortran analytical,primal,16384,1,256,2.4289394531250003e-05,
kernel,Fortran analytical,primal,16384,2,256,2.5363054687500003e-05,
kernel,Fortran analytical,primal,16384,3,256,2.3966558593750001e-05,
kernel,Fortran analytical,primal,16384,4,256,2.5611257812500002e-05,
kernel,Fortran analytical,primal,16384,5,256,2.4088582031250002e-05,
kernel,Fortran analytical,primal,16384,6,256,2.5705695312500002e-05,
kernel,Fortran analytical,primal,16384,7,256,2.38704765625e-05,
kernel,Fortran analytical,primal,16384,8,256,2.5181464843750001e-05,
kernel,Fortran analytical,jvp,16384,0,128,5.0659343750000006e-05,
kernel,Fortran analytical,jvp,16384,1,128,5.3533515625000004e-05,
kernel,Fortran analytical,jvp,16384,2,128,5.0120984375000005e-05,
kernel,Fortran analytical,jvp,16384,3,128,5.3232468750000005e-05,
kernel,Fortran analytical,jvp,16384,4,128,4.964415625e-05,
kernel,Fortran analytical,jvp,16384,5,128,5.17134453125e-05,
kernel,Fortran analytical,jvp,16384,6,128,4.8721242187500005e-05,
kernel,Fortran analytical,jvp,16384,7,128,5.1135085937500006e-05,
kernel,Fortran analytical,jvp,16384,8,128,4.762315625e-05,
kernel,Fortran analytical,vjp,16384,0,128,5.6758968750000006e-05,
kernel,Fortran analytical,vjp,16384,1,128,3.39328359375e-05,
kernel,Fortran analytical,vjp,16384,2,128,3.3236289062500002e-05,
kernel,Fortran analytical,vjp,16384,3,128,3.5038351562500004e-05,
kernel,Fortran analytical,vjp,16384,4,128,3.25082734375e-05,
kernel,Fortran analytical,vjp,16384,5,128,4.4025992187500006e-05,
kernel,Fortran analytical,vjp,16384,6,128,3.7122359375000002e-05,
kernel,Fortran analytical,vjp,16384,7,128,3.581896875e-05,
kernel,Fortran analytical,vjp,16384,8,128,4.0292710937500005e-05,
kernel,Flang + Enzyme,primal,16384,0,512,1.6241085937500001e-05,
kernel,Flang + Enzyme,primal,16384,1,512,1.4997650390625e-05,
kernel,Flang + Enzyme,primal,16384,2,512,2.4065748046875e-05,
kernel,Flang + Enzyme,primal,16384,3,512,2.4813015625000003e-05,
kernel,Flang + Enzyme,primal,16384,4,512,2.2412066406250001e-05,
kernel,Flang + Enzyme,primal,16384,5,512,1.5224580078125002e-05,
kernel,Flang + Enzyme,primal,16384,6,512,1.9608035156250001e-05,
kernel,Flang + Enzyme,primal,16384,7,512,1.5056802734375e-05,
kernel,Flang + Enzyme,primal,16384,8,512,1.5161455078125e-05,
kernel,Flang + Enzyme,jvp,16384,0,128,5.0040992187500002e-05,
kernel,Flang + Enzyme,jvp,16384,1,128,4.3744125000000002e-05,
kernel,Flang + Enzyme,jvp,16384,2,128,3.8114070312500005e-05,
kernel,Flang + Enzyme,jvp,16384,3,128,4.44245546875e-05,
kernel,Flang + Enzyme,jvp,16384,4,128,4.70795546875e-05,
kernel,Flang + Enzyme,jvp,16384,5,128,4.4013468750000004e-05,
kernel,Flang + Enzyme,jvp,16384,6,128,4.71373984375e-05,
kernel,Flang + Enzyme,jvp,16384,7,128,4.4792437500000001e-05,
kernel,Flang + Enzyme,jvp,16384,8,128,4.7283375e-05,
kernel,Flang + Enzyme,vjp,16384,0,64,3.8509578125000001e-05,
kernel,Flang + Enzyme,vjp,16384,1,64,4.3057046875e-05,
kernel,Flang + Enzyme,vjp,16384,2,64,3.8443203124999999e-05,
kernel,Flang + Enzyme,vjp,16384,3,64,3.8754734375000002e-05,
kernel,Flang + Enzyme,vjp,16384,4,64,3.8906578125000004e-05,
kernel,Flang + Enzyme,vjp,16384,5,64,3.8922859374999999e-05,
kernel,Flang + Enzyme,vjp,16384,6,64,4.51225e-05,
kernel,Flang + Enzyme,vjp,16384,7,64,3.9438671875000003e-05,
kernel,Flang + Enzyme,vjp,16384,8,64,4.0561109375000004e-05,
kernel,LFortran + Enzyme,primal,16384,0,256,1.7605824218750002e-05,
kernel,LFortran + Enzyme,primal,16384,1,256,1.8887105468750003e-05,
kernel,LFortran + Enzyme,primal,16384,2,256,2.1387085937500003e-05,
kernel,LFortran + Enzyme,primal,16384,3,256,2.1506101562500001e-05,
kernel,LFortran + Enzyme,primal,16384,4,256,1.8076281250000002e-05,
kernel,LFortran + Enzyme,primal,16384,5,256,1.8907378906250001e-05,
kernel,LFortran + Enzyme,primal,16384,6,256,1.786009375e-05,
kernel,LFortran + Enzyme,primal,16384,7,256,1.8876031250000001e-05,
kernel,LFortran + Enzyme,primal,16384,8,256,1.80639140625e-05,
kernel,LFortran + Enzyme,jvp,16384,0,128,3.4781226562500001e-05,
kernel,LFortran + Enzyme,jvp,16384,1,128,3.2311257812500003e-05,
kernel,LFortran + Enzyme,jvp,16384,2,128,3.444865625e-05,
kernel,LFortran + Enzyme,jvp,16384,3,128,5.2382437500000001e-05,
kernel,LFortran + Enzyme,jvp,16384,4,128,3.56329921875e-05,
kernel,LFortran + Enzyme,jvp,16384,5,128,3.2079656250000003e-05,
kernel,LFortran + Enzyme,jvp,16384,6,128,3.4088281250000004e-05,
kernel,LFortran + Enzyme,jvp,16384,7,128,3.2338578125000002e-05,
kernel,LFortran + Enzyme,jvp,16384,8,128,3.3885250000000002e-05,
kernel,LFortran + Enzyme,vjp,16384,0,128,4.6267562500000005e-05,
kernel,LFortran + Enzyme,vjp,16384,1,128,4.6178328125000001e-05,
kernel,LFortran + Enzyme,vjp,16384,2,128,4.8159320312500005e-05,
kernel,LFortran + Enzyme,vjp,16384,3,128,4.5660945312500004e-05,
kernel,LFortran + Enzyme,vjp,16384,4,128,4.62666953125e-05,
kernel,LFortran + Enzyme,vjp,16384,5,128,8.9367820312500002e-05,
kernel,LFortran + Enzyme,vjp,16384,6,128,6.0800093750000006e-05,
kernel,LFortran + Enzyme,vjp,16384,7,128,5.1608710937500003e-05,
kernel,LFortran + Enzyme,vjp,16384,8,128,7.0645046875000001e-05,
kernel,Python/NumPy Autograd (eager),primal,16384,0,256,2.9353777343750003e-05,
kernel,Python/NumPy Autograd (eager),primal,16384,1,256,2.9010671875e-05,
kernel,Python/NumPy Autograd (eager),primal,16384,2,256,2.8775421875000003e-05,
kernel,Python/NumPy Autograd (eager),primal,16384,3,256,2.9076261718750002e-05,
kernel,Python/NumPy Autograd (eager),primal,16384,4,256,2.911758984375e-05,
kernel,Python/NumPy Autograd (eager),primal,16384,5,256,2.9073796875000002e-05,
kernel,Python/NumPy Autograd (eager),primal,16384,6,256,3.1918179687500002e-05,
kernel,Python/NumPy Autograd (eager),primal,16384,7,256,4.22869296875e-05,
kernel,Python/NumPy Autograd (eager),primal,16384,8,256,3.890802734375e-05,
kernel,Python/NumPy Autograd (eager),jvp,16384,0,16,0.00031006293749999999,
kernel,Python/NumPy Autograd (eager),jvp,16384,1,16,0.0004135128125,
kernel,Python/NumPy Autograd (eager),jvp,16384,2,16,0.00042459300000000002,
kernel,Python/NumPy Autograd (eager),jvp,16384,3,16,0.00040773187500000002,
kernel,Python/NumPy Autograd (eager),jvp,16384,4,16,0.00041209262500000002,
kernel,Python/NumPy Autograd (eager),jvp,16384,5,16,0.00041749468750000004,
kernel,Python/NumPy Autograd (eager),jvp,16384,6,16,0.00041630431250000004,
kernel,Python/NumPy Autograd (eager),jvp,16384,7,16,0.00041229675000000002,
kernel,Python/NumPy Autograd (eager),jvp,16384,8,16,0.0004128026875,
kernel,Python/NumPy Autograd (eager),vjp,16384,0,4,0.0016009960000000001,
kernel,Python/NumPy Autograd (eager),vjp,16384,1,4,0.0014495585000000001,
kernel,Python/NumPy Autograd (eager),vjp,16384,2,4,0.0014288995000000001,
kernel,Python/NumPy Autograd (eager),vjp,16384,3,4,0.0015631175000000001,
kernel,Python/NumPy Autograd (eager),vjp,16384,4,4,0.0015785265000000002,
kernel,Python/NumPy Autograd (eager),vjp,16384,5,4,0.0015868595000000001,
kernel,Python/NumPy Autograd (eager),vjp,16384,6,4,0.0015673527500000002,
kernel,Python/NumPy Autograd (eager),vjp,16384,7,4,0.0015830825000000001,
kernel,Python/NumPy Autograd (eager),vjp,16384,8,4,0.0016171767500000002,
compile_first_call,JAX native (jit),primal,16384,0,1,0.042241511000000002,in-memory cache cleared; compile plus first execution
kernel,JAX native (jit),primal,16384,0,512,1.652275e-05,
kernel,JAX native (jit),primal,16384,1,512,1.7521054687500002e-05,
kernel,JAX native (jit),primal,16384,2,512,1.488930078125e-05,
kernel,JAX native (jit),primal,16384,3,512,1.4941626953125e-05,
kernel,JAX native (jit),primal,16384,4,512,1.4814080078125001e-05,
kernel,JAX native (jit),primal,16384,5,512,1.39312265625e-05,
kernel,JAX native (jit),primal,16384,6,512,1.435399609375e-05,
kernel,JAX native (jit),primal,16384,7,512,1.5272914062500002e-05,
kernel,JAX native (jit),primal,16384,8,512,1.883902734375e-05,
compile_first_call,JAX native (jit),jvp,16384,0,1,0.080385733000000001,in-memory cache cleared; compile plus first execution
kernel,JAX native (jit),jvp,16384,0,128,4.1433757812500002e-05,
kernel,JAX native (jit),jvp,16384,1,128,4.2043742187499999e-05,
kernel,JAX native (jit),jvp,16384,2,128,4.6805835937500004e-05,
kernel,JAX native (jit),jvp,16384,3,128,4.6117273437500004e-05,
kernel,JAX native (jit),jvp,16384,4,128,4.6316085937500004e-05,
kernel,JAX native (jit),jvp,16384,5,128,4.8303343750000004e-05,
kernel,JAX native (jit),jvp,16384,6,128,4.5674562500000006e-05,
kernel,JAX native (jit),jvp,16384,7,128,4.3486765625e-05,
kernel,JAX native (jit),jvp,16384,8,128,4.4546578125000004e-05,
compile_first_call,JAX native (jit),vjp,16384,0,1,0.082085836000000009,in-memory cache cleared; compile plus first execution
kernel,JAX native (jit),vjp,16384,0,64,6.7227437499999999e-05,
kernel,JAX native (jit),vjp,16384,1,64,6.1968468749999998e-05,
kernel,JAX native (jit),vjp,16384,2,64,6.6183125000000002e-05,
kernel,JAX native (jit),vjp,16384,3,64,6.7431890625000004e-05,
kernel,JAX native (jit),vjp,16384,4,64,5.9015406250000006e-05,
kernel,JAX native (jit),vjp,16384,5,64,6.2113109375000003e-05,
kernel,JAX native (jit),vjp,16384,6,64,6.6651515625000009e-05,
kernel,JAX native (jit),vjp,16384,7,64,6.3857031250000006e-05,
kernel,JAX native (jit),vjp,16384,8,64,5.9230171875000005e-05,
kernel,PyTorch native (eager),primal,16384,0,64,6.8768296875000009e-05,
kernel,PyTorch native (eager),primal,16384,1,64,6.7451765625000005e-05,
kernel,PyTorch native (eager),primal,16384,2,64,6.6321499999999999e-05,
kernel,PyTorch native (eager),primal,16384,3,64,6.660939062500001e-05,
kernel,PyTorch native (eager),primal,16384,4,64,6.6167312500000003e-05,
kernel,PyTorch native (eager),primal,16384,5,64,6.6366593750000007e-05,
kernel,PyTorch native (eager),primal,16384,6,64,6.7193625000000002e-05,
kernel,PyTorch native (eager),primal,16384,7,64,6.6671859375000008e-05,
kernel,PyTorch native (eager),primal,16384,8,64,6.7614562500000009e-05,
compile_first_call,PyTorch native (compile),primal,16384,0,1,0.93329035300000007,compiler reset; fresh Inductor cache; compile plus first execution
kernel,PyTorch native (compile),primal,16384,0,64,6.9835156250000011e-05,
kernel,PyTorch native (compile),primal,16384,1,64,6.9579828125000004e-05,
kernel,PyTorch native (compile),primal,16384,2,64,6.9269562500000006e-05,
kernel,PyTorch native (compile),primal,16384,3,64,6.7950656250000005e-05,
kernel,PyTorch native (compile),primal,16384,4,64,6.6970546875000001e-05,
kernel,PyTorch native (compile),primal,16384,5,64,6.7071828125000007e-05,
kernel,PyTorch native (compile),primal,16384,6,64,6.6961625000000008e-05,
kernel,PyTorch native (compile),primal,16384,7,64,6.8091562499999998e-05,
kernel,PyTorch native (compile),primal,16384,8,64,6.8645109375000001e-05,
kernel,PyTorch native (eager),jvp,16384,0,8,0.00077666325,
kernel,PyTorch native (eager),jvp,16384,1,8,0.00073732287500000008,
kernel,PyTorch native (eager),jvp,16384,2,8,0.00071805525000000008,
kernel,PyTorch native (eager),jvp,16384,3,8,0.00064644287500000008,
kernel,PyTorch native (eager),jvp,16384,4,8,0.00059296587500000007,
kernel,PyTorch native (eager),jvp,16384,5,8,0.00072404912500000009,
kernel,PyTorch native (eager),jvp,16384,6,8,0.00074248625000000008,
kernel,PyTorch native (eager),jvp,16384,7,8,0.00074834599999999999,
kernel,PyTorch native (eager),jvp,16384,8,8,0.00080049562500000002,
compile_first_call,PyTorch native (compile),jvp,16384,0,1,1.4236022070000001,compiler reset; fresh Inductor cache; compile plus first execution
kernel,PyTorch native (compile),jvp,16384,0,64,0.00010467390625,
kernel,PyTorch native (compile),jvp,16384,1,64,0.000104670484375,
kernel,PyTorch native (compile),jvp,16384,2,64,0.00010921121875,
kernel,PyTorch native (compile),jvp,16384,3,64,0.000114406,
kernel,PyTorch native (compile),jvp,16384,4,64,0.000114759796875,
kernel,PyTorch native (compile),jvp,16384,5,64,0.00011593076562500001,
kernel,PyTorch native (compile),jvp,16384,6,64,0.00011788459375000001,
kernel,PyTorch native (compile),jvp,16384,7,64,0.000116526875,
kernel,PyTorch native (compile),jvp,16384,8,64,0.00011689240625000001,
kernel,PyTorch native (eager),vjp,16384,0,8,0.00059860025,
kernel,PyTorch native (eager),vjp,16384,1,8,0.00059023450000000009,
kernel,PyTorch native (eager),vjp,16384,2,8,0.00058430700000000006,
kernel,PyTorch native (eager),vjp,16384,3,8,0.000584057875,
kernel,PyTorch native (eager),vjp,16384,4,8,0.00058504337500000006,
kernel,PyTorch native (eager),vjp,16384,5,8,0.00066084375000000008,
kernel,PyTorch native (eager),vjp,16384,6,8,0.00059398399999999998,
kernel,PyTorch native (eager),vjp,16384,7,8,0.00051303025000000002,
kernel,PyTorch native (eager),vjp,16384,8,8,0.00055221287500000003,
compile_first_call,PyTorch native (compile),vjp,16384,0,1,1.464073685,compiler reset; fresh Inductor cache; compile plus first execution
kernel,PyTorch native (compile),vjp,16384,0,64,0.00013118996875000001,
kernel,PyTorch native (compile),vjp,16384,1,64,0.00013393137500000002,
kernel,PyTorch native (compile),vjp,16384,2,64,0.00014054931250000001,
kernel,PyTorch native (compile),vjp,16384,3,64,0.00013761534375000001,
kernel,PyTorch native (compile),vjp,16384,4,64,0.0001324639375,
kernel,PyTorch native (compile),vjp,16384,5,64,0.00013185935937500001,
kernel,PyTorch native (compile),vjp,16384,6,64,0.00011429939062500001,
kernel,PyTorch native (compile),vjp,16384,7,64,0.00011028214062500001,
kernel,PyTorch native (compile),vjp,16384,8,64,9.6533750000000004e-05,
kernel,Fortran analytical,primal,65536,0,128,5.3159132812500002e-05,
kernel,Fortran analytical,primal,65536,1,128,5.2593382812500005e-05,
kernel,Fortran analytical,primal,65536,2,128,5.7338804687500002e-05,
kernel,Fortran analytical,primal,65536,3,128,5.2159046875000002e-05,
kernel,Fortran analytical,primal,65536,4,128,4.7444070312500005e-05,
kernel,Fortran analytical,primal,65536,5,128,5.6667390625000002e-05,
kernel,Fortran analytical,primal,65536,6,128,6.1554718750000002e-05,
kernel,Fortran analytical,primal,65536,7,128,5.4834554687500003e-05,
kernel,Fortran analytical,primal,65536,8,128,5.6336296875000004e-05,
kernel,Fortran analytical,jvp,65536,0,32,0.0001576144375,
kernel,Fortran analytical,jvp,65536,1,32,0.0001340810625,
kernel,Fortran analytical,jvp,65536,2,32,0.00013600778125,
kernel,Fortran analytical,jvp,65536,3,32,0.00013098331250000001,
kernel,Fortran analytical,jvp,65536,4,32,0.00012863703125000001,
kernel,Fortran analytical,jvp,65536,5,32,8.8322343750000008e-05,
kernel,Fortran analytical,jvp,65536,6,32,9.0371812500000012e-05,
kernel,Fortran analytical,jvp,65536,7,32,9.5491437500000011e-05,
kernel,Fortran analytical,jvp,65536,8,32,0.00010616781250000001,
kernel,Fortran analytical,vjp,65536,0,32,0.00018166065625,
kernel,Fortran analytical,vjp,65536,1,32,0.00017818131250000002,
kernel,Fortran analytical,vjp,65536,2,32,0.00017634471875000002,
kernel,Fortran analytical,vjp,65536,3,32,0.00017419881250000001,
kernel,Fortran analytical,vjp,65536,4,32,0.00017453537500000001,
kernel,Fortran analytical,vjp,65536,5,32,0.000173112375,
kernel,Fortran analytical,vjp,65536,6,32,0.00017301190625,
kernel,Fortran analytical,vjp,65536,7,32,0.00019870871875000002,
kernel,Fortran analytical,vjp,65536,8,32,0.00016875981250000002,
kernel,Flang + Enzyme,primal,65536,0,128,5.1958820312500001e-05,
kernel,Flang + Enzyme,primal,65536,1,128,5.8135929687500004e-05,
kernel,Flang + Enzyme,primal,65536,2,128,5.2239664062500002e-05,
kernel,Flang + Enzyme,primal,65536,3,128,5.2537804687500005e-05,
kernel,Flang + Enzyme,primal,65536,4,128,5.2960945312500005e-05,
kernel,Flang + Enzyme,primal,65536,5,128,5.9103851562500006e-05,
kernel,Flang + Enzyme,primal,65536,6,128,5.3870476562500004e-05,
kernel,Flang + Enzyme,primal,65536,7,128,5.2521132812500005e-05,
kernel,Flang + Enzyme,primal,65536,8,128,5.1550398437500007e-05,
kernel,Flang + Enzyme,jvp,65536,0,64,0.000114709234375,
kernel,Flang + Enzyme,jvp,65536,1,64,0.0001143833125,
kernel,Flang + Enzyme,jvp,65536,2,64,9.9820406250000006e-05,
kernel,Flang + Enzyme,jvp,65536,3,64,8.45615e-05,
kernel,Flang + Enzyme,jvp,65536,4,64,7.8519015625000004e-05,
kernel,Flang + Enzyme,jvp,65536,5,64,7.4961078125000002e-05,
kernel,Flang + Enzyme,jvp,65536,6,64,9.0254562500000009e-05,
kernel,Flang + Enzyme,jvp,65536,7,64,0.00011408884375000001,
kernel,Flang + Enzyme,jvp,65536,8,64,0.000112772609375,
kernel,Flang + Enzyme,vjp,65536,0,32,0.00020174537500000002,
kernel,Flang + Enzyme,vjp,65536,1,32,0.00020056881250000001,
kernel,Flang + Enzyme,vjp,65536,2,32,0.00017851100000000001,
kernel,Flang + Enzyme,vjp,65536,3,32,0.00020560265625000002,
kernel,Flang + Enzyme,vjp,65536,4,32,0.00020727234375000003,
kernel,Flang + Enzyme,vjp,65536,5,32,0.00020612365625000001,
kernel,Flang + Enzyme,vjp,65536,6,32,0.00020561390625000001,
kernel,Flang + Enzyme,vjp,65536,7,32,0.00020829837500000001,
kernel,Flang + Enzyme,vjp,65536,8,32,0.00020599840625000002,
kernel,LFortran + Enzyme,primal,65536,0,128,7.7307906250000008e-05,
kernel,LFortran + Enzyme,primal,65536,1,128,7.7095007812500002e-05,
kernel,LFortran + Enzyme,primal,65536,2,128,7.6956781250000009e-05,
kernel,LFortran + Enzyme,primal,65536,3,128,8.0932859374999999e-05,
kernel,LFortran + Enzyme,primal,65536,4,128,7.7631093750000007e-05,
kernel,LFortran + Enzyme,primal,65536,5,128,7.671397656250001e-05,
kernel,LFortran + Enzyme,primal,65536,6,128,7.5298820312499998e-05,
kernel,LFortran + Enzyme,primal,65536,7,128,8.0730453125e-05,
kernel,LFortran + Enzyme,primal,65536,8,128,7.6922257812500006e-05,
kernel,LFortran + Enzyme,jvp,65536,0,32,0.00014204884375,
kernel,LFortran + Enzyme,jvp,65536,1,32,0.00014211993750000001,
kernel,LFortran + Enzyme,jvp,65536,2,32,0.00014007890625000001,
kernel,LFortran + Enzyme,jvp,65536,3,32,0.00015729350000000001,
kernel,LFortran + Enzyme,jvp,65536,4,32,0.00013800121875,
kernel,LFortran + Enzyme,jvp,65536,5,32,0.00013635909375000002,
kernel,LFortran + Enzyme,jvp,65536,6,32,0.000136173125,
kernel,LFortran + Enzyme,jvp,65536,7,32,0.00013716403125000001,
kernel,LFortran + Enzyme,jvp,65536,8,32,0.00013736662500000001,
kernel,LFortran + Enzyme,vjp,65536,0,16,0.00028226243750000002,
kernel,LFortran + Enzyme,vjp,65536,1,16,0.00028378712500000001,
kernel,LFortran + Enzyme,vjp,65536,2,16,0.00028407456250000002,
kernel,LFortran + Enzyme,vjp,65536,3,16,0.00032676625000000001,
kernel,LFortran + Enzyme,vjp,65536,4,16,0.00027630174999999999,
kernel,LFortran + Enzyme,vjp,65536,5,16,0.000276921125,
kernel,LFortran + Enzyme,vjp,65536,6,16,0.0002786944375,
kernel,LFortran + Enzyme,vjp,65536,7,16,0.000280519125,
kernel,LFortran + Enzyme,vjp,65536,8,16,0.0002833055625,
kernel,Python/NumPy Autograd (eager),primal,65536,0,64,0.00011382035937500001,
kernel,Python/NumPy Autograd (eager),primal,65536,1,64,0.00011463470312500001,
kernel,Python/NumPy Autograd (eager),primal,65536,2,64,0.00011913537500000001,
kernel,Python/NumPy Autograd (eager),primal,65536,3,64,0.00011900340625,
kernel,Python/NumPy Autograd (eager),primal,65536,4,64,0.00011517746875000001,
kernel,Python/NumPy Autograd (eager),primal,65536,5,64,0.000112270578125,
kernel,Python/NumPy Autograd (eager),primal,65536,6,64,0.000117316640625,
kernel,Python/NumPy Autograd (eager),primal,65536,7,64,0.00012302301562500001,
kernel,Python/NumPy Autograd (eager),primal,65536,8,64,0.00012489795312500002,
kernel,Python/NumPy Autograd (eager),jvp,65536,0,8,0.00070805512500000001,
kernel,Python/NumPy Autograd (eager),jvp,65536,1,8,0.00071016162500000006,
kernel,Python/NumPy Autograd (eager),jvp,65536,2,8,0.00071985237500000001,
kernel,Python/NumPy Autograd (eager),jvp,65536,3,8,0.00072481175000000005,
kernel,Python/NumPy Autograd (eager),jvp,65536,4,8,0.000713687125,
kernel,Python/NumPy Autograd (eager),jvp,65536,5,8,0.00071666512500000005,
kernel,Python/NumPy Autograd (eager),jvp,65536,6,8,0.00070267750000000003,
kernel,Python/NumPy Autograd (eager),jvp,65536,7,8,0.00069795237500000008,
kernel,Python/NumPy Autograd (eager),jvp,65536,8,8,0.00069018900000000002,
kernel,Python/NumPy Autograd (eager),vjp,65536,0,1,0.0052195840000000002,
kernel,Python/NumPy Autograd (eager),vjp,65536,1,1,0.0052036030000000002,
kernel,Python/NumPy Autograd (eager),vjp,65536,2,1,0.0053082310000000001,
kernel,Python/NumPy Autograd (eager),vjp,65536,3,1,0.0052665720000000006,
kernel,Python/NumPy Autograd (eager),vjp,65536,4,1,0.0052559720000000002,
kernel,Python/NumPy Autograd (eager),vjp,65536,5,1,0.0033310460000000003,
kernel,Python/NumPy Autograd (eager),vjp,65536,6,1,0.0050119220000000003,
kernel,Python/NumPy Autograd (eager),vjp,65536,7,1,0.0051675950000000005,
kernel,Python/NumPy Autograd (eager),vjp,65536,8,1,0.0051853690000000004,
compile_first_call,JAX native (jit),primal,65536,0,1,0.055780998000000005,in-memory cache cleared; compile plus first execution
kernel,JAX native (jit),primal,65536,0,128,4.2364421875000005e-05,
kernel,JAX native (jit),primal,65536,1,128,3.8899687500000005e-05,
kernel,JAX native (jit),primal,65536,2,128,3.7500492187500002e-05,
kernel,JAX native (jit),primal,65536,3,128,3.6418218750000003e-05,
kernel,JAX native (jit),primal,65536,4,128,3.9349835937499999e-05,
kernel,JAX native (jit),primal,65536,5,128,3.8601156250000004e-05,
kernel,JAX native (jit),primal,65536,6,128,3.7773117187500005e-05,
kernel,JAX native (jit),primal,65536,7,128,4.5226929687500002e-05,
kernel,JAX native (jit),primal,65536,8,128,4.3893789062499999e-05,
compile_first_call,JAX native (jit),jvp,65536,0,1,0.082622968000000005,in-memory cache cleared; compile plus first execution
kernel,JAX native (jit),jvp,65536,0,64,7.0754390625000005e-05,
kernel,JAX native (jit),jvp,65536,1,64,7.7918671875000007e-05,
kernel,JAX native (jit),jvp,65536,2,64,9.3299515625000002e-05,
kernel,JAX native (jit),jvp,65536,3,64,8.405460937500001e-05,
kernel,JAX native (jit),jvp,65536,4,64,8.6232921875e-05,
kernel,JAX native (jit),jvp,65536,5,64,9.2612296875000007e-05,
kernel,JAX native (jit),jvp,65536,6,64,7.7544687500000006e-05,
kernel,JAX native (jit),jvp,65536,7,64,8.8305734375000009e-05,
kernel,JAX native (jit),jvp,65536,8,64,7.4605875000000008e-05,
compile_first_call,JAX native (jit),vjp,65536,0,1,0.08627965700000001,in-memory cache cleared; compile plus first execution
kernel,JAX native (jit),vjp,65536,0,32,0.00018678375,
kernel,JAX native (jit),vjp,65536,1,32,0.00025848478125000004,
kernel,JAX native (jit),vjp,65536,2,32,0.000200566,
kernel,JAX native (jit),vjp,65536,3,32,0.00025952296875000002,
kernel,JAX native (jit),vjp,65536,4,32,0.00018510746875,
kernel,JAX native (jit),vjp,65536,5,32,0.00025547878125000003,
kernel,JAX native (jit),vjp,65536,6,32,0.00027304756250000003,
kernel,JAX native (jit),vjp,65536,7,32,0.00033486178125000001,
kernel,JAX native (jit),vjp,65536,8,32,0.00037172812500000003,
kernel,PyTorch native (eager),primal,65536,0,32,0.00012200515625000001,
kernel,PyTorch native (eager),primal,65536,1,32,0.00012514168750000002,
kernel,PyTorch native (eager),primal,65536,2,32,0.00012610790625000001,
kernel,PyTorch native (eager),primal,65536,3,32,0.00012595603125,
kernel,PyTorch native (eager),primal,65536,4,32,0.00012522215625,
kernel,PyTorch native (eager),primal,65536,5,32,0.00012480075000000001,
kernel,PyTorch native (eager),primal,65536,6,32,0.00012734334375000001,
kernel,PyTorch native (eager),primal,65536,7,32,0.00013786940625000002,
kernel,PyTorch native (eager),primal,65536,8,32,0.00013053875000000001,
compile_first_call,PyTorch native (compile),primal,65536,0,1,0.96496273500000007,compiler reset; fresh Inductor cache; compile plus first execution
kernel,PyTorch native (compile),primal,65536,0,64,0.00010768053125,
kernel,PyTorch native (compile),primal,65536,1,64,7.0514406249999999e-05,
kernel,PyTorch native (compile),primal,65536,2,64,8.260265625e-05,
kernel,PyTorch native (compile),primal,65536,3,64,9.2952453125000006e-05,
kernel,PyTorch native (compile),primal,65536,4,64,9.2835671875e-05,
kernel,PyTorch native (compile),primal,65536,5,64,9.0589890625000002e-05,
kernel,PyTorch native (compile),primal,65536,6,64,8.4447843750000003e-05,
kernel,PyTorch native (compile),primal,65536,7,64,8.3756078125000002e-05,
kernel,PyTorch native (compile),primal,65536,8,64,6.869692187500001e-05,
kernel,PyTorch native (eager),jvp,65536,0,8,0.000926291375,
kernel,PyTorch native (eager),jvp,65536,1,8,0.00093017862500000003,
kernel,PyTorch native (eager),jvp,65536,2,8,0.0009196050000000001,
kernel,PyTorch native (eager),jvp,65536,3,8,0.001001959,
kernel,PyTorch native (eager),jvp,65536,4,8,0.00093173775000000001,
kernel,PyTorch native (eager),jvp,65536,5,8,0.0009480773750000001,
kernel,PyTorch native (eager),jvp,65536,6,8,0.00092953612500000006,
kernel,PyTorch native (eager),jvp,65536,7,8,0.00094709437500000002,
kernel,PyTorch native (eager),jvp,65536,8,8,0.001018694125,
compile_first_call,PyTorch native (compile),jvp,65536,0,1,1.3828371620000002,compiler reset; fresh Inductor cache; compile plus first execution
kernel,PyTorch native (compile),jvp,65536,0,32,0.0001622159375,
kernel,PyTorch native (compile),jvp,65536,1,32,0.00015801143750000002,
kernel,PyTorch native (compile),jvp,65536,2,32,0.000156650125,
kernel,PyTorch native (compile),jvp,65536,3,32,0.00015898012500000001,
kernel,PyTorch native (compile),jvp,65536,4,32,0.00016575006250000001,
kernel,PyTorch native (compile),jvp,65536,5,32,0.00016998337500000001,
kernel,PyTorch native (compile),jvp,65536,6,32,0.00017021662500000002,
kernel,PyTorch native (compile),jvp,65536,7,32,0.000172005,
kernel,PyTorch native (compile),jvp,65536,8,32,0.00016916903125,
kernel,PyTorch native (eager),vjp,65536,0,8,0.0008921983750000001,
kernel,PyTorch native (eager),vjp,65536,1,8,0.00089505250000000008,
kernel,PyTorch native (eager),vjp,65536,2,8,0.00090515525000000002,
kernel,PyTorch native (eager),vjp,65536,3,8,0.000901364375,
kernel,PyTorch native (eager),vjp,65536,4,8,0.00088541937500000005,
kernel,PyTorch native (eager),vjp,65536,5,8,0.00096902562500000009,
kernel,PyTorch native (eager),vjp,65536,6,8,0.0010955877500000001,
kernel,PyTorch native (eager),vjp,65536,7,8,0.00079492262500000009,
kernel,PyTorch native (eager),vjp,65536,8,8,0.00082986462500000003,
compile_first_call,PyTorch native (compile),vjp,65536,0,1,1.4768507910000002,compiler reset; fresh Inductor cache; compile plus first execution
kernel,PyTorch native (compile),vjp,65536,0,16,0.00028931812500000004,
kernel,PyTorch native (compile),vjp,65536,1,16,0.00029341337500000004,
kernel,PyTorch native (compile),vjp,65536,2,16,0.00030078662500000004,
kernel,PyTorch native (compile),vjp,65536,3,16,0.00030271218750000002,
kernel,PyTorch native (compile),vjp,65536,4,16,0.00029852675000000001,
kernel,PyTorch native (compile),vjp,65536,5,16,0.00029707718750000004,
kernel,PyTorch native (compile),vjp,65536,6,16,0.00029858750000000001,
kernel,PyTorch native (compile),vjp,65536,7,16,0.00030149237500000001,
kernel,PyTorch native (compile),vjp,65536,8,16,0.00030287375000000004,
interface,ctypes,primal,8,0,512,2.3136439453125003e-05,allocates output
interface,ctypes,primal,8,1,512,1.1574931640625001e-05,allocates output
interface,ctypes,primal,8,2,512,1.0105482421875001e-05,allocates output
interface,ctypes,primal,8,3,512,7.1591328125000008e-06,allocates output
interface,ctypes,primal,8,4,512,6.9541367187500007e-06,allocates output
interface,ctypes,primal,8,5,512,6.8649042968750007e-06,allocates output
interface,ctypes,primal,8,6,512,7.0198066406250007e-06,allocates output
interface,ctypes,primal,8,7,512,9.8994707031250009e-06,allocates output
interface,ctypes,primal,8,8,512,1.1590900390625001e-05,allocates output
interface,Cython,primal,8,0,2048,2.3229897460937504e-06,allocates output
interface,Cython,primal,8,1,2048,2.2536357421875002e-06,allocates output
interface,Cython,primal,8,2,2048,2.2453681640625003e-06,allocates output
interface,Cython,primal,8,3,2048,2.2941025390625002e-06,allocates output
interface,Cython,primal,8,4,2048,2.36274267578125e-06,allocates output
interface,Cython,primal,8,5,2048,2.3303476562500001e-06,allocates output
interface,Cython,primal,8,6,2048,2.3269130859375003e-06,allocates output
interface,Cython,primal,8,7,2048,2.2950170898437499e-06,allocates output
interface,Cython,primal,8,8,2048,2.3013032226562501e-06,allocates output
interface,f90wrap,primal,8,0,2048,1.9684350585937502e-06,reuses output
interface,f90wrap,primal,8,1,2048,1.98287109375e-06,reuses output
interface,f90wrap,primal,8,2,2048,1.9863251953125001e-06,reuses output
interface,f90wrap,primal,8,3,2048,1.97485302734375e-06,reuses output
interface,f90wrap,primal,8,4,2048,1.9411572265625e-06,reuses output
interface,f90wrap,primal,8,5,2048,1.9396699218750002e-06,reuses output
interface,f90wrap,primal,8,6,2048,1.9709985351562502e-06,reuses output
interface,f90wrap,primal,8,7,2048,1.9911435546875003e-06,reuses output
interface,f90wrap,primal,8,8,2048,2.0465556640625002e-06,reuses output
interface,NumPy ufunc,primal,8,0,2048,2.5470981445312504e-06,interior update; allocates output
interface,NumPy ufunc,primal,8,1,2048,2.5031533203125002e-06,interior update; allocates output
interface,NumPy ufunc,primal,8,2,2048,2.5500776367187504e-06,interior update; allocates output
interface,NumPy ufunc,primal,8,3,2048,2.5771845703125003e-06,interior update; allocates output
interface,NumPy ufunc,primal,8,4,2048,2.6109394531250002e-06,interior update; allocates output
interface,NumPy ufunc,primal,8,5,2048,2.5941157226562501e-06,interior update; allocates output
interface,NumPy ufunc,primal,8,6,2048,2.5850019531250001e-06,interior update; allocates output
interface,NumPy ufunc,primal,8,7,2048,2.6018251953125004e-06,interior update; allocates output
interface,NumPy ufunc,primal,8,8,2048,2.6144863281250001e-06,interior update; allocates output
interface,JAX FFI (jit),primal,8,0,256,1.3982238281250001e-05,device input reused
interface,JAX FFI (jit),primal,8,1,256,1.8930898437500001e-05,device input reused
interface,JAX FFI (jit),primal,8,2,256,2.068846875e-05,device input reused
interface,JAX FFI (jit),primal,8,3,256,2.0369507812500001e-05,device input reused
interface,JAX FFI (jit),primal,8,4,256,2.0038964843750001e-05,device input reused
interface,JAX FFI (jit),primal,8,5,256,2.016283203125e-05,device input reused
interface,JAX FFI (jit),primal,8,6,256,2.0045929687500001e-05,device input reused
interface,JAX FFI (jit),primal,8,7,256,2.0195820312500001e-05,device input reused
interface,JAX FFI (jit),primal,8,8,256,2.0332445312500001e-05,device input reused
interface,PyTorch custom op,primal,8,0,64,7.9675265625000008e-05,tensor input reused
interface,PyTorch custom op,primal,8,1,64,8.6334671875000003e-05,tensor input reused
interface,PyTorch custom op,primal,8,2,64,8.6347671875000004e-05,tensor input reused
interface,PyTorch custom op,primal,8,3,64,8.3160109375000007e-05,tensor input reused
interface,PyTorch custom op,primal,8,4,64,7.7473625000000005e-05,tensor input reused
interface,PyTorch custom op,primal,8,5,64,7.7032781249999999e-05,tensor input reused
interface,PyTorch custom op,primal,8,6,64,7.3958078124999999e-05,tensor input reused
interface,PyTorch custom op,primal,8,7,64,7.477212500000001e-05,tensor input reused
interface,PyTorch custom op,primal,8,8,64,7.4659562500000007e-05,tensor input reused
interface,Tesseract in-process,primal,8,0,128,3.1070328125000002e-05,validated input reused; validates output
interface,Tesseract in-process,primal,8,1,128,3.0899234375000002e-05,validated input reused; validates output
interface,Tesseract in-process,primal,8,2,128,3.2498414062500005e-05,validated input reused; validates output
interface,Tesseract in-process,primal,8,3,128,3.0698539062500004e-05,validated input reused; validates output
interface,Tesseract in-process,primal,8,4,128,3.0770554687500005e-05,validated input reused; validates output
interface,Tesseract in-process,primal,8,5,128,3.0926000000000002e-05,validated input reused; validates output
interface,Tesseract in-process,primal,8,6,128,3.2703484375000004e-05,validated input reused; validates output
interface,Tesseract in-process,primal,8,7,128,3.0999335937500005e-05,validated input reused; validates output
interface,Tesseract in-process,primal,8,8,128,3.16841484375e-05,validated input reused; validates output
